{
  "results": 109,
  "id": "registrasi_id",
  "start": 0,
  "limit": 20,
  "rows": [
    {
      "registrasi_id": "8b1a5afc-5b11-4d84-bedd-4eeb2ca93e76",
      "jenis_pendaftaran_id": "1",
      "jenis_pendaftaran_id_string": "Siswa baru",
      "nipd": "161707010",
      "tanggal_masuk_sekolah": "2016-11-08",
      "peserta_didik_id": "ababed52-1f1b-e211-8f71-b9d9aeb55373",
      "nama": "M.rizki Padilah",
      "nisn": "0042129372",
      "jenis_kelamin": "L",
      "nik": "3205172908040006",
      "tempat_lahir": "Garut",
      "tanggal_lahir": "2004-08-29",
      "agama_id": 1,
      "agama_id_string": "Islam",
      "anggota_rombel_id": "6cb91f97-db93-42fb-8bfc-b929068d66d4",
      "rombongan_belajar_id": "6b5ed33c-af73-4a5b-9269-cac3e0ecb8a4",
      "tingkat_pendidikan_id": "9",
      "semester_id": "20182",
      "nama_rombel": "IX",
      "kurikulum_id": 8,
      "kurikulum_id_str": "Kurikulum SMP 2013"
    },
    {
      "registrasi_id": "3cb31f70-9109-46c9-8a8c-0ef753155481",
      "jenis_pendaftaran_id": "1",
      "jenis_pendaftaran_id_string": "Siswa baru",
      "nipd": "161707003",
      "tanggal_masuk_sekolah": "2016-07-18",
      "peserta_didik_id": "251d812e-0fd3-4da4-8bec-d63348bdf226",
      "nama": "Aryani Febriyanti",
      "nisn": "0042312763",
      "jenis_kelamin": "P",
      "nik": "3276055002040010",
      "tempat_lahir": "DEPOK",
      "tanggal_lahir": "2004-02-10",
      "agama_id": 1,
      "agama_id_string": "Islam",
      "anggota_rombel_id": "ae6dfd37-834a-4659-a079-2bb0fa303d5d",
      "rombongan_belajar_id": "6b5ed33c-af73-4a5b-9269-cac3e0ecb8a4",
      "tingkat_pendidikan_id": "9",
      "semester_id": "20182",
      "nama_rombel": "IX",
      "kurikulum_id": 8,
      "kurikulum_id_str": "Kurikulum SMP 2013"
    },
    {
      "registrasi_id": "0525ca69-65af-4a72-8a5a-57cc57e47b72",
      "jenis_pendaftaran_id": "1",
      "jenis_pendaftaran_id_string": "Siswa baru",
      "nipd": "161707018",
      "tanggal_masuk_sekolah": "2016-07-18",
      "peserta_didik_id": "4262892c-06ef-46de-a6cc-0430cb854603",
      "nama": "Arya Prasetya",
      "nisn": "0041642505",
      "jenis_kelamin": "L",
      "nik": "3205210911040002",
      "tempat_lahir": "PAPUA",
      "tanggal_lahir": "2002-12-28",
      "agama_id": 1,
      "agama_id_string": "Islam",
      "anggota_rombel_id": "32351885-9f11-43fd-80ab-089df675b156",
      "rombongan_belajar_id": "6b5ed33c-af73-4a5b-9269-cac3e0ecb8a4",
      "tingkat_pendidikan_id": "9",
      "semester_id": "20182",
      "nama_rombel": "IX",
      "kurikulum_id": 8,
      "kurikulum_id_str": "Kurikulum SMP 2013"
    },
    {
      "registrasi_id": "d2294bdb-ea2b-47c3-aabf-c932f4f281af",
      "jenis_pendaftaran_id": "1",
      "jenis_pendaftaran_id_string": "Siswa baru",
      "nipd": "161707011",
      "tanggal_masuk_sekolah": "2016-07-18",
      "peserta_didik_id": "860f2bf2-3ec8-4d90-b9fc-c7d452cc5134",
      "nama": "Mohamad Rizaldi",
      "nisn": "0039418541",
      "jenis_kelamin": "L",
      "nik": "3204322307030009",
      "tempat_lahir": "BANDUNG",
      "tanggal_lahir": "2003-07-23",
      "agama_id": 1,
      "agama_id_string": "Islam",
      "anggota_rombel_id": "0b96c7cf-d6f7-40cb-8c4c-df6043edc61f",
      "rombongan_belajar_id": "6b5ed33c-af73-4a5b-9269-cac3e0ecb8a4",
      "tingkat_pendidikan_id": "9",
      "semester_id": "20182",
      "nama_rombel": "IX",
      "kurikulum_id": 8,
      "kurikulum_id_str": "Kurikulum SMP 2013"
    },
    {
      "registrasi_id": "c667605b-b1eb-4ec2-b405-d6cd15b873cb",
      "jenis_pendaftaran_id": "1",
      "jenis_pendaftaran_id_string": "Siswa baru",
      "nipd": "161707013",
      "tanggal_masuk_sekolah": "2016-07-18",
      "peserta_didik_id": "303d4cbb-3f7c-423b-8a49-0f27e8e877e6",
      "nama": "Rofatan Nazwa",
      "nisn": "0048975878",
      "jenis_kelamin": "L",
      "nik": "3674020305040004",
      "tempat_lahir": "BANDUNG",
      "tanggal_lahir": "2004-05-03",
      "agama_id": 1,
      "agama_id_string": "Islam",
      "anggota_rombel_id": "e1b87a26-bb3a-46ea-b56e-38674f0d6fa1",
      "rombongan_belajar_id": "6b5ed33c-af73-4a5b-9269-cac3e0ecb8a4",
      "tingkat_pendidikan_id": "9",
      "semester_id": "20182",
      "nama_rombel": "IX",
      "kurikulum_id": 8,
      "kurikulum_id_str": "Kurikulum SMP 2013"
    },
    {
      "registrasi_id": "e68e1e32-795f-4c82-b8bd-ed2a3ff7503e",
      "jenis_pendaftaran_id": "1",
      "jenis_pendaftaran_id_string": "Siswa baru",
      "nipd": "161707008",
      "tanggal_masuk_sekolah": "2016-07-18",
      "peserta_didik_id": "e1b298aa-430c-41c2-b8d8-c415fcd883d6",
      "nama": "Laila Fitri Annisa",
      "nisn": "0056992066",
      "jenis_kelamin": "P",
      "nik": "3205056410050002",
      "tempat_lahir": "Garut",
      "tanggal_lahir": "2005-10-24",
      "agama_id": 1,
      "agama_id_string": "Islam",
      "anggota_rombel_id": "6a3b934b-62ce-4ddf-95b8-d0365706e327",
      "rombongan_belajar_id": "6b5ed33c-af73-4a5b-9269-cac3e0ecb8a4",
      "tingkat_pendidikan_id": "9",
      "semester_id": "20182",
      "nama_rombel": "IX",
      "kurikulum_id": 8,
      "kurikulum_id_str": "Kurikulum SMP 2013"
    },
    {
      "registrasi_id": "c4317c04-7a89-48bf-af9e-ef0ab1bff2ea",
      "jenis_pendaftaran_id": "1",
      "jenis_pendaftaran_id_string": "Siswa baru",
      "nipd": "161707016",
      "tanggal_masuk_sekolah": "2016-07-18",
      "peserta_didik_id": "0358d3a5-dd1a-4e0f-82c6-808d3d5b4037",
      "nama": "Teguh Dwi Putra Setiawan",
      "nisn": "0036893334",
      "jenis_kelamin": "L",
      "nik": "3205171908030004",
      "tempat_lahir": "GARUT",
      "tanggal_lahir": "2003-08-19",
      "agama_id": 1,
      "agama_id_string": "Islam",
      "anggota_rombel_id": "0c9932a8-f07c-4aba-b48b-90e3ed7aa232",
      "rombongan_belajar_id": "6b5ed33c-af73-4a5b-9269-cac3e0ecb8a4",
      "tingkat_pendidikan_id": "9",
      "semester_id": "20182",
      "nama_rombel": "IX",
      "kurikulum_id": 8,
      "kurikulum_id_str": "Kurikulum SMP 2013"
    },
    {
      "registrasi_id": "c6dd297a-21b1-4be8-8aaf-fc82f743a3ed",
      "jenis_pendaftaran_id": "1",
      "jenis_pendaftaran_id_string": "Siswa baru",
      "nipd": "161707009",
      "tanggal_masuk_sekolah": "2016-07-18",
      "peserta_didik_id": "a53eb9d1-6618-4c6d-8fe5-7208a6d530b8",
      "nama": "Lisbahi Aljaatsiyah",
      "nisn": "0034085844",
      "jenis_kelamin": "P",
      "nik": "3205214909030005",
      "tempat_lahir": "GARUT",
      "tanggal_lahir": "2003-09-09",
      "agama_id": 1,
      "agama_id_string": "Islam",
      "anggota_rombel_id": "483634c2-6715-496a-85d7-f65b0914ad7b",
      "rombongan_belajar_id": "6b5ed33c-af73-4a5b-9269-cac3e0ecb8a4",
      "tingkat_pendidikan_id": "9",
      "semester_id": "20182",
      "nama_rombel": "IX",
      "kurikulum_id": 8,
      "kurikulum_id_str": "Kurikulum SMP 2013"
    },
    {
      "registrasi_id": "1549a0b8-4bce-487e-9846-38805c7aa01a",
      "jenis_pendaftaran_id": "1",
      "jenis_pendaftaran_id_string": "Siswa baru",
      "nipd": "171807027",
      "tanggal_masuk_sekolah": "2017-07-17",
      "peserta_didik_id": "ce5fb08a-4c49-42c3-b0c7-50fa1bb39125",
      "nama": "Shaqi Saputra Ardani",
      "nisn": "3054385036",
      "jenis_kelamin": "L",
      "nik": "1007362003002698",
      "tempat_lahir": "Garut",
      "tanggal_lahir": "2005-02-10",
      "agama_id": 1,
      "agama_id_string": "Islam",
      "anggota_rombel_id": "bd7adc3d-f7f9-4597-89f4-fd28042359ee",
      "rombongan_belajar_id": "db826fae-2f36-407d-8e3e-96856b125e05",
      "tingkat_pendidikan_id": "8",
      "semester_id": "20182",
      "nama_rombel": "VIII",
      "kurikulum_id": 7,
      "kurikulum_id_str": "Kurikulum SMP KTSP"
    },
    {
      "registrasi_id": "22a5fe31-0d55-4a84-b55e-667b9d42968c",
      "jenis_pendaftaran_id": "1",
      "jenis_pendaftaran_id_string": "Siswa baru",
      "nipd": null,
      "tanggal_masuk_sekolah": "2017-07-17",
      "peserta_didik_id": "0e90d2c8-62de-472e-8df3-f2886ae23338",
      "nama": "Fazar Pirdaus",
      "nisn": "0058160582",
      "jenis_kelamin": "L",
      "nik": "3205212009050001",
      "tempat_lahir": "Garut",
      "tanggal_lahir": "2005-09-20",
      "agama_id": 1,
      "agama_id_string": "Islam",
      "anggota_rombel_id": "84664e9a-3b0b-42b3-a53e-7d128ece6d77",
      "rombongan_belajar_id": "db826fae-2f36-407d-8e3e-96856b125e05",
      "tingkat_pendidikan_id": "8",
      "semester_id": "20182",
      "nama_rombel": "VIII",
      "kurikulum_id": 7,
      "kurikulum_id_str": "Kurikulum SMP KTSP"
    },
    {
      "registrasi_id": "2f364654-0c7a-4e75-a1a2-1aa3962f3cae",
      "jenis_pendaftaran_id": "1",
      "jenis_pendaftaran_id_string": "Siswa baru",
      "nipd": null,
      "tanggal_masuk_sekolah": "2017-07-11",
      "peserta_didik_id": "8159ea75-5c15-48a2-af65-d0a3c7dcd775",
      "nama": "Ubayd Tsaqiif Thufayl",
      "nisn": "0053089820",
      "jenis_kelamin": "L",
      "nik": "3175083011050004",
      "tempat_lahir": "Jakarta",
      "tanggal_lahir": "2005-11-30",
      "agama_id": 1,
      "agama_id_string": "Islam",
      "anggota_rombel_id": "be8f96b8-3178-4cde-a5ca-ab78cd86c4ee",
      "rombongan_belajar_id": "db826fae-2f36-407d-8e3e-96856b125e05",
      "tingkat_pendidikan_id": "8",
      "semester_id": "20182",
      "nama_rombel": "VIII",
      "kurikulum_id": 7,
      "kurikulum_id_str": "Kurikulum SMP KTSP"
    },
    {
      "registrasi_id": "3d6fd2b5-2188-4bff-be8e-78caa5aed216",
      "jenis_pendaftaran_id": "1",
      "jenis_pendaftaran_id_string": "Siswa baru",
      "nipd": "171807020",
      "tanggal_masuk_sekolah": "2017-07-17",
      "peserta_didik_id": "d37ad3d6-c28d-4c87-8560-79fd804fa4fe",
      "nama": "Nuramalasari",
      "nisn": "0049835844",
      "jenis_kelamin": "P",
      "nik": "3205216809040001",
      "tempat_lahir": "Garut",
      "tanggal_lahir": "2004-09-28",
      "agama_id": 1,
      "agama_id_string": "Islam",
      "anggota_rombel_id": "baaa30cc-d0dc-4eea-9b28-492ebb400a6d",
      "rombongan_belajar_id": "db826fae-2f36-407d-8e3e-96856b125e05",
      "tingkat_pendidikan_id": "8",
      "semester_id": "20182",
      "nama_rombel": "VIII",
      "kurikulum_id": 7,
      "kurikulum_id_str": "Kurikulum SMP KTSP"
    },
    {
      "registrasi_id": "49b3fd29-5bf5-4b0b-9e2e-d14341852851",
      "jenis_pendaftaran_id": "1",
      "jenis_pendaftaran_id_string": "Siswa baru",
      "nipd": null,
      "tanggal_masuk_sekolah": "2017-07-17",
      "peserta_didik_id": "46cdd842-8bf7-4b1f-a3a8-f246986dc5f8",
      "nama": "Muhammad Hizkil Rezayoshi",
      "nisn": "0052534218",
      "jenis_kelamin": "L",
      "nik": "3210151304050001",
      "tempat_lahir": "Majalengka",
      "tanggal_lahir": "2005-04-13",
      "agama_id": 1,
      "agama_id_string": "Islam",
      "anggota_rombel_id": "a6c93a55-cb83-478e-8dda-0e75fa9bc1f5",
      "rombongan_belajar_id": "db826fae-2f36-407d-8e3e-96856b125e05",
      "tingkat_pendidikan_id": "8",
      "semester_id": "20182",
      "nama_rombel": "VIII",
      "kurikulum_id": 7,
      "kurikulum_id_str": "Kurikulum SMP KTSP"
    },
    {
      "registrasi_id": "4af7cd1e-1d40-46f5-b1f3-15deb5a2cb9e",
      "jenis_pendaftaran_id": "1",
      "jenis_pendaftaran_id_string": "Siswa baru",
      "nipd": "171807021",
      "tanggal_masuk_sekolah": "2017-07-17",
      "peserta_didik_id": "80cf30ff-9d0d-4955-bf12-da195a4a7c22",
      "nama": "Nyimas Rohmah Putriyani",
      "nisn": "0054805047",
      "jenis_kelamin": "P",
      "nik": "3205210704090001",
      "tempat_lahir": "Garut",
      "tanggal_lahir": "2005-06-09",
      "agama_id": 1,
      "agama_id_string": "Islam",
      "anggota_rombel_id": "0660c453-70b5-4d05-8901-1bbb5034aae5",
      "rombongan_belajar_id": "db826fae-2f36-407d-8e3e-96856b125e05",
      "tingkat_pendidikan_id": "8",
      "semester_id": "20182",
      "nama_rombel": "VIII",
      "kurikulum_id": 7,
      "kurikulum_id_str": "Kurikulum SMP KTSP"
    },
    {
      "registrasi_id": "4c1360dc-1972-4424-9fc5-0c0d31c7fc91",
      "jenis_pendaftaran_id": "1",
      "jenis_pendaftaran_id_string": "Siswa baru",
      "nipd": "171807008",
      "tanggal_masuk_sekolah": "2017-07-17",
      "peserta_didik_id": "78622e24-76d1-46cd-93b9-a477fdd2aaec",
      "nama": "Bima Budiarto Mulya",
      "nisn": "0054398460",
      "jenis_kelamin": "L",
      "nik": "3205210509050001",
      "tempat_lahir": "Garut",
      "tanggal_lahir": "2005-09-05",
      "agama_id": 1,
      "agama_id_string": "Islam",
      "anggota_rombel_id": "6e7230f9-b8a9-42f7-81e4-5a86b36cec7d",
      "rombongan_belajar_id": "db826fae-2f36-407d-8e3e-96856b125e05",
      "tingkat_pendidikan_id": "8",
      "semester_id": "20182",
      "nama_rombel": "VIII",
      "kurikulum_id": 7,
      "kurikulum_id_str": "Kurikulum SMP KTSP"
    },
    {
      "registrasi_id": "51383186-689c-4fd8-884d-987feb982e0b",
      "jenis_pendaftaran_id": "1",
      "jenis_pendaftaran_id_string": "Siswa baru",
      "nipd": null,
      "tanggal_masuk_sekolah": "2017-07-17",
      "peserta_didik_id": "2853cfbc-7701-4adf-aebb-09ef4cc27677",
      "nama": "Resty Melyani Setiawan",
      "nisn": "0057442719",
      "jenis_kelamin": "P",
      "nik": "3205174405050004",
      "tempat_lahir": "Garut",
      "tanggal_lahir": "2005-05-04",
      "agama_id": 1,
      "agama_id_string": "Islam",
      "anggota_rombel_id": "91e3f13f-8aeb-48ff-8209-c443befc204a",
      "rombongan_belajar_id": "db826fae-2f36-407d-8e3e-96856b125e05",
      "tingkat_pendidikan_id": "8",
      "semester_id": "20182",
      "nama_rombel": "VIII",
      "kurikulum_id": 7,
      "kurikulum_id_str": "Kurikulum SMP KTSP"
    },
    {
      "registrasi_id": "6a6851e4-0686-4528-b6e0-c0f5ec68ef6b",
      "jenis_pendaftaran_id": "1",
      "jenis_pendaftaran_id_string": "Siswa baru",
      "nipd": "171807",
      "tanggal_masuk_sekolah": "2017-07-17",
      "peserta_didik_id": "ff77f68f-e700-4f71-a4e0-456afbc8b8a7",
      "nama": "Robi",
      "nisn": "3062177134",
      "jenis_kelamin": "L",
      "nik": "3205210401060004",
      "tempat_lahir": "Garut",
      "tanggal_lahir": "2006-01-04",
      "agama_id": 1,
      "agama_id_string": "Islam",
      "anggota_rombel_id": "f0287bdf-6a96-4786-8cfd-b8d4a214c2d2",
      "rombongan_belajar_id": "db826fae-2f36-407d-8e3e-96856b125e05",
      "tingkat_pendidikan_id": "8",
      "semester_id": "20182",
      "nama_rombel": "VIII",
      "kurikulum_id": 7,
      "kurikulum_id_str": "Kurikulum SMP KTSP"
    },
    {
      "registrasi_id": "7e0fc40e-3fb7-47aa-90ba-89b93fa2990c",
      "jenis_pendaftaran_id": "1",
      "jenis_pendaftaran_id_string": "Siswa baru",
      "nipd": "171807015",
      "tanggal_masuk_sekolah": "2017-07-17",
      "peserta_didik_id": "c3007305-0446-497e-9882-37f3e0fe8aa7",
      "nama": "Mamay Mariam",
      "nisn": "0057424439",
      "jenis_kelamin": "P",
      "nik": "3205214103050002",
      "tempat_lahir": "Garut",
      "tanggal_lahir": "2005-03-01",
      "agama_id": 1,
      "agama_id_string": "Islam",
      "anggota_rombel_id": "4447fe8d-ea87-48b3-a666-1cf4ab56e855",
      "rombongan_belajar_id": "db826fae-2f36-407d-8e3e-96856b125e05",
      "tingkat_pendidikan_id": "8",
      "semester_id": "20182",
      "nama_rombel": "VIII",
      "kurikulum_id": 7,
      "kurikulum_id_str": "Kurikulum SMP KTSP"
    },
    {
      "registrasi_id": "81d85d0d-7ba9-4952-88db-087eb7359515",
      "jenis_pendaftaran_id": "1",
      "jenis_pendaftaran_id_string": "Siswa baru",
      "nipd": "171807011",
      "tanggal_masuk_sekolah": "2017-07-17",
      "peserta_didik_id": "e8053350-18c2-4c3e-8c45-8b0797cedc71",
      "nama": "Fauziah Noer Rahmi",
      "nisn": "3056114605",
      "jenis_kelamin": "P",
      "nik": "3205215206050003",
      "tempat_lahir": "Bandung",
      "tanggal_lahir": "2005-06-12",
      "agama_id": 1,
      "agama_id_string": "Islam",
      "anggota_rombel_id": "99a92cfd-d696-4b9c-8ecb-197f6dcfc229",
      "rombongan_belajar_id": "db826fae-2f36-407d-8e3e-96856b125e05",
      "tingkat_pendidikan_id": "8",
      "semester_id": "20182",
      "nama_rombel": "VIII",
      "kurikulum_id": 7,
      "kurikulum_id_str": "Kurikulum SMP KTSP"
    },
    {
      "registrasi_id": "8475f0f4-70f2-4506-85b4-25b30578c2ea",
      "jenis_pendaftaran_id": "1",
      "jenis_pendaftaran_id_string": "Siswa baru",
      "nipd": null,
      "tanggal_masuk_sekolah": "2017-07-17",
      "peserta_didik_id": "21b86990-3f70-4758-9b75-8e63f53fe5f6",
      "nama": "Alysha Nurfiddina Putri Muslim",
      "nisn": "0055799810",
      "jenis_kelamin": "P",
      "nik": "3205056106050006",
      "tempat_lahir": "Bandung",
      "tanggal_lahir": "2005-06-21",
      "agama_id": 1,
      "agama_id_string": "Islam",
      "anggota_rombel_id": "dd59c4be-3f63-4370-8667-74f5d8d0711a",
      "rombongan_belajar_id": "db826fae-2f36-407d-8e3e-96856b125e05",
      "tingkat_pendidikan_id": "8",
      "semester_id": "20182",
      "nama_rombel": "VIII",
      "kurikulum_id": 7,
      "kurikulum_id_str": "Kurikulum SMP KTSP"
    },
    {
      "registrasi_id": "8c984f56-88d0-4b23-9cb9-98bde93c0002",
      "jenis_pendaftaran_id": "1",
      "jenis_pendaftaran_id_string": "Siswa baru",
      "nipd": "171807009",
      "tanggal_masuk_sekolah": "2017-07-17",
      "peserta_didik_id": "8c781f0e-d055-4ee2-bc3c-a65bd000c32b",
      "nama": "Devi Sapitri",
      "nisn": "3035953200",
      "jenis_kelamin": "P",
      "nik": "3205215611030001",
      "tempat_lahir": "Garut",
      "tanggal_lahir": "2003-11-16",
      "agama_id": 1,
      "agama_id_string": "Islam",
      "anggota_rombel_id": "e6d22a2e-7ad7-4b5c-b545-5bdddb8dd370",
      "rombongan_belajar_id": "db826fae-2f36-407d-8e3e-96856b125e05",
      "tingkat_pendidikan_id": "8",
      "semester_id": "20182",
      "nama_rombel": "VIII",
      "kurikulum_id": 7,
      "kurikulum_id_str": "Kurikulum SMP KTSP"
    },
    {
      "registrasi_id": "a9d13522-4ef9-4a01-92d9-bdfb309ee0ba",
      "jenis_pendaftaran_id": "1",
      "jenis_pendaftaran_id_string": "Siswa baru",
      "nipd": "171807001",
      "tanggal_masuk_sekolah": "2017-07-17",
      "peserta_didik_id": "0965c025-8da0-4cdf-b301-1bff204b373e",
      "nama": "Adi Tia Lesmana",
      "nisn": "0045895124",
      "jenis_kelamin": "L",
      "nik": "3205212702040001",
      "tempat_lahir": "Garut",
      "tanggal_lahir": "2004-02-27",
      "agama_id": 1,
      "agama_id_string": "Islam",
      "anggota_rombel_id": "833dc4cd-3e65-491d-be81-4e44b0c36e12",
      "rombongan_belajar_id": "db826fae-2f36-407d-8e3e-96856b125e05",
      "tingkat_pendidikan_id": "8",
      "semester_id": "20182",
      "nama_rombel": "VIII",
      "kurikulum_id": 7,
      "kurikulum_id_str": "Kurikulum SMP KTSP"
    },
    {
      "registrasi_id": "bcd359ca-9987-4d1b-961c-343c1af405f9",
      "jenis_pendaftaran_id": "1",
      "jenis_pendaftaran_id_string": "Siswa baru",
      "nipd": "171807030",
      "tanggal_masuk_sekolah": "2017-07-17",
      "peserta_didik_id": "82cbc903-bc72-49bf-b644-5679092ab6d4",
      "nama": "Wildan Taupik Nurwahid",
      "nisn": "0041660199",
      "jenis_kelamin": "L",
      "nik": "3273055606810002",
      "tempat_lahir": "Garut",
      "tanggal_lahir": "2004-06-19",
      "agama_id": 1,
      "agama_id_string": "Islam",
      "anggota_rombel_id": "b01fbcc0-f0a3-4c3d-b0ff-94b3f2659fb2",
      "rombongan_belajar_id": "db826fae-2f36-407d-8e3e-96856b125e05",
      "tingkat_pendidikan_id": "8",
      "semester_id": "20182",
      "nama_rombel": "VIII",
      "kurikulum_id": 7,
      "kurikulum_id_str": "Kurikulum SMP KTSP"
    },
    {
      "registrasi_id": "bd9bd40e-0e28-4817-be75-20ff3e6f379c",
      "jenis_pendaftaran_id": "1",
      "jenis_pendaftaran_id_string": "Siswa baru",
      "nipd": null,
      "tanggal_masuk_sekolah": "2017-07-17",
      "peserta_didik_id": "296c23ba-4eb5-4e0c-9a79-64b63c375c33",
      "nama": "Irsad Asadilah Maulana",
      "nisn": "0059447195",
      "jenis_kelamin": "L",
      "nik": "3205020405050006",
      "tempat_lahir": "Garut",
      "tanggal_lahir": "2005-05-04",
      "agama_id": 1,
      "agama_id_string": "Islam",
      "anggota_rombel_id": "0dfaa909-5917-4cdc-949e-12d6c0c79659",
      "rombongan_belajar_id": "db826fae-2f36-407d-8e3e-96856b125e05",
      "tingkat_pendidikan_id": "8",
      "semester_id": "20182",
      "nama_rombel": "VIII",
      "kurikulum_id": 7,
      "kurikulum_id_str": "Kurikulum SMP KTSP"
    },
    {
      "registrasi_id": "c89a94be-25b8-4772-8539-413721e2eed6",
      "jenis_pendaftaran_id": "1",
      "jenis_pendaftaran_id_string": "Siswa baru",
      "nipd": "171807010",
      "tanggal_masuk_sekolah": "2017-07-17",
      "peserta_didik_id": "46166deb-7f1d-4678-ab1d-4e2e794713ef",
      "nama": "Dinda Apriliani",
      "nisn": "3065378014",
      "jenis_kelamin": "P",
      "nik": "3205214104060005",
      "tempat_lahir": "Garut",
      "tanggal_lahir": "2006-04-19",
      "agama_id": 1,
      "agama_id_string": "Islam",
      "anggota_rombel_id": "7122eecc-ce40-41d8-959e-831d514ec892",
      "rombongan_belajar_id": "db826fae-2f36-407d-8e3e-96856b125e05",
      "tingkat_pendidikan_id": "8",
      "semester_id": "20182",
      "nama_rombel": "VIII",
      "kurikulum_id": 7,
      "kurikulum_id_str": "Kurikulum SMP KTSP"
    },
    {
      "registrasi_id": "c2f79e5b-76df-4d02-ac53-b08b23407b09",
      "jenis_pendaftaran_id": "1",
      "jenis_pendaftaran_id_string": "Siswa baru",
      "nipd": "171807016",
      "tanggal_masuk_sekolah": "2017-07-17",
      "peserta_didik_id": "dc8176cd-036a-4f6f-8a89-767a14ba10f6",
      "nama": "Muhamad Razidan Anwar Fauzi",
      "nisn": "0057107742",
      "jenis_kelamin": "L",
      "nik": "3205091907040005",
      "tempat_lahir": "Bandung",
      "tanggal_lahir": "2004-07-19",
      "agama_id": 1,
      "agama_id_string": "Islam",
      "anggota_rombel_id": "fd44d4af-b2ab-49de-914e-52d5e000bda4",
      "rombongan_belajar_id": "db826fae-2f36-407d-8e3e-96856b125e05",
      "tingkat_pendidikan_id": "8",
      "semester_id": "20182",
      "nama_rombel": "VIII",
      "kurikulum_id": 7,
      "kurikulum_id_str": "Kurikulum SMP KTSP"
    },
    {
      "registrasi_id": "ca5b5105-be2c-4f94-b5de-0a991aa4d1d0",
      "jenis_pendaftaran_id": "1",
      "jenis_pendaftaran_id_string": "Siswa baru",
      "nipd": "171807003",
      "tanggal_masuk_sekolah": "2017-07-17",
      "peserta_didik_id": "699a370e-db95-4598-a6dd-6d1e55dd44d4",
      "nama": "Aldi Ahmad Muharom",
      "nisn": "3069094365",
      "jenis_kelamin": "L",
      "nik": "3205211003060003",
      "tempat_lahir": "Garut",
      "tanggal_lahir": "2006-03-10",
      "agama_id": 1,
      "agama_id_string": "Islam",
      "anggota_rombel_id": "2449ce8b-4edf-4cbe-af8c-4dd29e7615f6",
      "rombongan_belajar_id": "db826fae-2f36-407d-8e3e-96856b125e05",
      "tingkat_pendidikan_id": "8",
      "semester_id": "20182",
      "nama_rombel": "VIII",
      "kurikulum_id": 7,
      "kurikulum_id_str": "Kurikulum SMP KTSP"
    },
    {
      "registrasi_id": "e3a4ca8b-878b-4836-8924-fd50ec5ac8d4",
      "jenis_pendaftaran_id": "1",
      "jenis_pendaftaran_id_string": "Siswa baru",
      "nipd": "171807028",
      "tanggal_masuk_sekolah": "2017-07-17",
      "peserta_didik_id": "871f431c-9f28-40df-b971-07c53576e1ff",
      "nama": "Sita Handini",
      "nisn": "0056498440",
      "jenis_kelamin": "L",
      "nik": "3205216002050001",
      "tempat_lahir": "Garut",
      "tanggal_lahir": "2005-02-20",
      "agama_id": 1,
      "agama_id_string": "Islam",
      "anggota_rombel_id": "c13d9f2f-3f7e-4315-a534-68e1d95dba02",
      "rombongan_belajar_id": "db826fae-2f36-407d-8e3e-96856b125e05",
      "tingkat_pendidikan_id": "8",
      "semester_id": "20182",
      "nama_rombel": "VIII",
      "kurikulum_id": 7,
      "kurikulum_id_str": "Kurikulum SMP KTSP"
    },
    {
      "registrasi_id": "e83d7ac1-d913-462a-a60e-39c0b750d622",
      "jenis_pendaftaran_id": "1",
      "jenis_pendaftaran_id_string": "Siswa baru",
      "nipd": null,
      "tanggal_masuk_sekolah": "2017-07-17",
      "peserta_didik_id": "a09747bc-a27f-486d-bd2e-8fdbaeb92d08",
      "nama": "Annisa Wangi Nusantara",
      "nisn": "0048704384",
      "jenis_kelamin": "P",
      "nik": "3205176104040007",
      "tempat_lahir": "Garut",
      "tanggal_lahir": "2004-04-21",
      "agama_id": 1,
      "agama_id_string": "Islam",
      "anggota_rombel_id": "538745f1-a68a-480f-9b12-d0ff120d5ad4",
      "rombongan_belajar_id": "db826fae-2f36-407d-8e3e-96856b125e05",
      "tingkat_pendidikan_id": "8",
      "semester_id": "20182",
      "nama_rombel": "VIII",
      "kurikulum_id": 7,
      "kurikulum_id_str": "Kurikulum SMP KTSP"
    },
    {
      "registrasi_id": "eff37dca-e90a-4888-b61d-11f749a7236c",
      "jenis_pendaftaran_id": "1",
      "jenis_pendaftaran_id_string": "Siswa baru",
      "nipd": "171807019",
      "tanggal_masuk_sekolah": "2017-07-17",
      "peserta_didik_id": "a3d237c3-3b43-4e60-a431-e4086d50f210",
      "nama": "Neli",
      "nisn": "0048561835",
      "jenis_kelamin": "P",
      "nik": "3205215003040007",
      "tempat_lahir": "Garut",
      "tanggal_lahir": "2004-03-10",
      "agama_id": 1,
      "agama_id_string": "Islam",
      "anggota_rombel_id": "7805c0b7-61cb-44a7-b131-9423175a88d8",
      "rombongan_belajar_id": "db826fae-2f36-407d-8e3e-96856b125e05",
      "tingkat_pendidikan_id": "8",
      "semester_id": "20182",
      "nama_rombel": "VIII",
      "kurikulum_id": 7,
      "kurikulum_id_str": "Kurikulum SMP KTSP"
    },
    {
      "registrasi_id": "fb2f7b93-1be1-44c6-aecf-57b69d17bb79",
      "jenis_pendaftaran_id": "1",
      "jenis_pendaftaran_id_string": "Siswa baru",
      "nipd": null,
      "tanggal_masuk_sekolah": "2017-07-17",
      "peserta_didik_id": "375c80e3-6968-4a42-9786-1df3533ca8dc",
      "nama": "Ardy Putra Nurjaman",
      "nisn": "0055709712",
      "jenis_kelamin": "L",
      "nik": "3205172407050001",
      "tempat_lahir": "Garut",
      "tanggal_lahir": "2005-06-23",
      "agama_id": 1,
      "agama_id_string": "Islam",
      "anggota_rombel_id": "1cc2dfdd-211e-4f7c-8930-d8257bb8d619",
      "rombongan_belajar_id": "db826fae-2f36-407d-8e3e-96856b125e05",
      "tingkat_pendidikan_id": "8",
      "semester_id": "20182",
      "nama_rombel": "VIII",
      "kurikulum_id": 7,
      "kurikulum_id_str": "Kurikulum SMP KTSP"
    },
    {
      "registrasi_id": "f8164163-23b1-4bac-b16d-c36df759c387",
      "jenis_pendaftaran_id": "1",
      "jenis_pendaftaran_id_string": "Siswa baru",
      "nipd": "171807026",
      "tanggal_masuk_sekolah": "2017-07-17",
      "peserta_didik_id": "65d98f2b-c7ef-4edc-b331-982e04109ca9",
      "nama": "Sahril Hakim",
      "nisn": "0053777460",
      "jenis_kelamin": "L",
      "nik": "3205212309050004",
      "tempat_lahir": "Garut",
      "tanggal_lahir": "2005-09-23",
      "agama_id": 1,
      "agama_id_string": "Islam",
      "anggota_rombel_id": "a9cb05db-d049-4c50-abba-27decc5e7553",
      "rombongan_belajar_id": "db826fae-2f36-407d-8e3e-96856b125e05",
      "tingkat_pendidikan_id": "8",
      "semester_id": "20182",
      "nama_rombel": "VIII",
      "kurikulum_id": 7,
      "kurikulum_id_str": "Kurikulum SMP KTSP"
    },
    {
      "registrasi_id": "05848ced-2b8c-4fa8-a031-f26f99a31f90",
      "jenis_pendaftaran_id": "2",
      "jenis_pendaftaran_id_string": "Pindahan",
      "nipd": null,
      "tanggal_masuk_sekolah": "2018-04-01",
      "peserta_didik_id": "e294d0b5-f2ea-485f-902d-9a7aef90969a",
      "nama": "Faza Aliyah Paramata",
      "nisn": "3042338863",
      "jenis_kelamin": "P",
      "nik": "3603032610040003",
      "tempat_lahir": "JOGLO",
      "tanggal_lahir": "2004-10-26",
      "agama_id": 1,
      "agama_id_string": "Islam",
      "anggota_rombel_id": "22f46e6c-07c9-4621-a65f-022777435f00",
      "rombongan_belajar_id": "db826fae-2f36-407d-8e3e-96856b125e05",
      "tingkat_pendidikan_id": "8",
      "semester_id": "20182",
      "nama_rombel": "VIII",
      "kurikulum_id": 7,
      "kurikulum_id_str": "Kurikulum SMP KTSP"
    },
    {
      "registrasi_id": "3191c821-7911-469b-bddb-4867cef034cc",
      "jenis_pendaftaran_id": "1",
      "jenis_pendaftaran_id_string": "Siswa baru",
      "nipd": null,
      "tanggal_masuk_sekolah": "2018-07-01",
      "peserta_didik_id": "7113a356-2954-11e4-a5c3-df174f5553ec",
      "nama": "Resti Pujiyanti",
      "nisn": "0069706321",
      "jenis_kelamin": "P",
      "nik": "3205210107060001",
      "tempat_lahir": "Garut",
      "tanggal_lahir": "2006-07-01",
      "agama_id": 1,
      "agama_id_string": "Islam",
      "anggota_rombel_id": "bd58a107-6aff-4470-bb12-d865f5c8008e",
      "rombongan_belajar_id": "72121415-244a-4c25-892c-2e3e7a84fc44",
      "tingkat_pendidikan_id": "7",
      "semester_id": "20182",
      "nama_rombel": "VII A",
      "kurikulum_id": 8,
      "kurikulum_id_str": "Kurikulum SMP 2013"
    },
    {
      "registrasi_id": "34aec438-3323-42da-872d-673206281a07",
      "jenis_pendaftaran_id": "1",
      "jenis_pendaftaran_id_string": "Siswa baru",
      "nipd": null,
      "tanggal_masuk_sekolah": "2018-07-01",
      "peserta_didik_id": "e4d41291-880d-e211-bb72-6bd82d4c9748",
      "nama": "Naila Putri Ahmaliani",
      "nisn": "0068873945",
      "jenis_kelamin": "P",
      "nik": "3210155806060062",
      "tempat_lahir": "Majalengka",
      "tanggal_lahir": "2006-06-18",
      "agama_id": 1,
      "agama_id_string": "Islam",
      "anggota_rombel_id": "7b5c5936-ab80-4110-b98b-a4641cb93fd5",
      "rombongan_belajar_id": "72121415-244a-4c25-892c-2e3e7a84fc44",
      "tingkat_pendidikan_id": "7",
      "semester_id": "20182",
      "nama_rombel": "VII A",
      "kurikulum_id": 8,
      "kurikulum_id_str": "Kurikulum SMP 2013"
    },
    {
      "registrasi_id": "36479aae-5925-459f-be54-91740fb950f4",
      "jenis_pendaftaran_id": "1",
      "jenis_pendaftaran_id_string": "Siswa baru",
      "nipd": null,
      "tanggal_masuk_sekolah": "2018-07-01",
      "peserta_didik_id": "2261adef-430a-e211-8cf4-6b86754f6035",
      "nama": "Hizkia Samhan Rezayoshi",
      "nisn": "0064554565",
      "jenis_kelamin": "P",
      "nik": "3210156806060001",
      "tempat_lahir": "Majalengka",
      "tanggal_lahir": "2006-06-28",
      "agama_id": 1,
      "agama_id_string": "Islam",
      "anggota_rombel_id": "a4e6b0c4-229d-4057-92b0-de8217203782",
      "rombongan_belajar_id": "72121415-244a-4c25-892c-2e3e7a84fc44",
      "tingkat_pendidikan_id": "7",
      "semester_id": "20182",
      "nama_rombel": "VII A",
      "kurikulum_id": 8,
      "kurikulum_id_str": "Kurikulum SMP 2013"
    },
    {
      "registrasi_id": "3101727a-0003-4bda-8d13-9819e2d50640",
      "jenis_pendaftaran_id": "1",
      "jenis_pendaftaran_id_string": "Siswa baru",
      "nipd": null,
      "tanggal_masuk_sekolah": "2018-07-01",
      "peserta_didik_id": "c5cbea05-5cf3-e111-84d3-4d0e258062a7",
      "nama": "Havia Khoirunnisa",
      "nisn": "0053636362",
      "jenis_kelamin": "P",
      "nik": "3205417009050001",
      "tempat_lahir": "Garut",
      "tanggal_lahir": "2005-09-30",
      "agama_id": 1,
      "agama_id_string": "Islam",
      "anggota_rombel_id": "165bc3d1-6aaf-468a-ae92-3bb4f42a661a",
      "rombongan_belajar_id": "652be6dd-f0e2-43c8-88ab-9d4c18f7a89e",
      "tingkat_pendidikan_id": "7",
      "semester_id": "20182",
      "nama_rombel": "VII B",
      "kurikulum_id": 8,
      "kurikulum_id_str": "Kurikulum SMP 2013"
    },
    {
      "registrasi_id": "34634dcb-f04f-4db5-8466-ae23662fcbf2",
      "jenis_pendaftaran_id": "1",
      "jenis_pendaftaran_id_string": "Siswa baru",
      "nipd": null,
      "tanggal_masuk_sekolah": "2018-07-01",
      "peserta_didik_id": "e48409a4-51f9-e111-ac32-ffba118c834a",
      "nama": "Salsa Nurul Azmi",
      "nisn": "0069893398",
      "jenis_kelamin": "P",
      "nik": "3205216805060002",
      "tempat_lahir": "Garut",
      "tanggal_lahir": "2006-05-28",
      "agama_id": 1,
      "agama_id_string": "Islam",
      "anggota_rombel_id": "64f54c1f-4980-4310-b1c0-8d51122713ac",
      "rombongan_belajar_id": "72121415-244a-4c25-892c-2e3e7a84fc44",
      "tingkat_pendidikan_id": "7",
      "semester_id": "20182",
      "nama_rombel": "VII A",
      "kurikulum_id": 8,
      "kurikulum_id_str": "Kurikulum SMP 2013"
    },
    {
      "registrasi_id": "36a990c0-4cac-4a03-9059-e8b4ec45d840",
      "jenis_pendaftaran_id": "1",
      "jenis_pendaftaran_id_string": "Siswa baru",
      "nipd": null,
      "tanggal_masuk_sekolah": "2018-07-01",
      "peserta_didik_id": "fc756696-51f9-e111-ac32-ffba118c834a",
      "nama": "Sandi Koswara",
      "nisn": "0066203694",
      "jenis_kelamin": "L",
      "nik": "3205210702050001",
      "tempat_lahir": "Garut",
      "tanggal_lahir": "2005-02-07",
      "agama_id": 1,
      "agama_id_string": "Islam",
      "anggota_rombel_id": "9bbfabf6-bc0c-4b7f-a930-2863bf3b592a",
      "rombongan_belajar_id": "72121415-244a-4c25-892c-2e3e7a84fc44",
      "tingkat_pendidikan_id": "7",
      "semester_id": "20182",
      "nama_rombel": "VII A",
      "kurikulum_id": 8,
      "kurikulum_id_str": "Kurikulum SMP 2013"
    },
    {
      "registrasi_id": "4d3b4cf6-4c60-46ce-acbc-ed6dc10005bb",
      "jenis_pendaftaran_id": "1",
      "jenis_pendaftaran_id_string": "Siswa baru",
      "nipd": null,
      "tanggal_masuk_sekolah": "2018-07-01",
      "peserta_didik_id": "b298fe2e-d2ec-e111-8898-7d257ff4bc16",
      "nama": "Tulus Pitutur",
      "nisn": "0055321728",
      "jenis_kelamin": "L",
      "nik": "3205172311050002",
      "tempat_lahir": "Garut",
      "tanggal_lahir": "2005-11-23",
      "agama_id": 1,
      "agama_id_string": "Islam",
      "anggota_rombel_id": "0798365a-2cde-4407-86df-adcbc9390c4d",
      "rombongan_belajar_id": "652be6dd-f0e2-43c8-88ab-9d4c18f7a89e",
      "tingkat_pendidikan_id": "7",
      "semester_id": "20182",
      "nama_rombel": "VII B",
      "kurikulum_id": 8,
      "kurikulum_id_str": "Kurikulum SMP 2013"
    },
    {
      "registrasi_id": "47f8eaac-c17e-4e2d-8da6-f2dd58cb61c4",
      "jenis_pendaftaran_id": "1",
      "jenis_pendaftaran_id_string": "Siswa baru",
      "nipd": null,
      "tanggal_masuk_sekolah": "2018-07-01",
      "peserta_didik_id": "7f85801c-5520-e211-864d-67a5ef570238",
      "nama": "Gesha Alia Feradi",
      "nisn": "0069246859",
      "jenis_kelamin": "P",
      "nik": "3205174510060003",
      "tempat_lahir": "LAMPUNG",
      "tanggal_lahir": "2006-10-05",
      "agama_id": 1,
      "agama_id_string": "Islam",
      "anggota_rombel_id": "12ebf93b-96d6-4dca-92e3-ca9c4c1d5407",
      "rombongan_belajar_id": "652be6dd-f0e2-43c8-88ab-9d4c18f7a89e",
      "tingkat_pendidikan_id": "7",
      "semester_id": "20182",
      "nama_rombel": "VII B",
      "kurikulum_id": 8,
      "kurikulum_id_str": "Kurikulum SMP 2013"
    },
    {
      "registrasi_id": "53bba76c-5016-411d-b904-46c19af6fb71",
      "jenis_pendaftaran_id": "1",
      "jenis_pendaftaran_id_string": "Siswa baru",
      "nipd": null,
      "tanggal_masuk_sekolah": "2018-07-01",
      "peserta_didik_id": "9128f10c-3bef-11e4-a9c4-0b56323576e3",
      "nama": "Muhammad Hilman Dzakwanurrofiq",
      "nisn": "0057842328",
      "jenis_kelamin": "L",
      "nik": "1050203005055001",
      "tempat_lahir": "Bandung",
      "tanggal_lahir": "2005-05-30",
      "agama_id": 1,
      "agama_id_string": "Islam",
      "anggota_rombel_id": "4217deb7-b2f3-4786-89d8-207ad308b8ac",
      "rombongan_belajar_id": "652be6dd-f0e2-43c8-88ab-9d4c18f7a89e",
      "tingkat_pendidikan_id": "7",
      "semester_id": "20182",
      "nama_rombel": "VII B",
      "kurikulum_id": 8,
      "kurikulum_id_str": "Kurikulum SMP 2013"
    },
    {
      "registrasi_id": "66c1c2df-a74b-43ad-b97c-698d324b88bf",
      "jenis_pendaftaran_id": "1",
      "jenis_pendaftaran_id_string": "Siswa baru",
      "nipd": null,
      "tanggal_masuk_sekolah": "2018-07-01",
      "peserta_didik_id": "f5b8f38e-51f9-e111-ac32-ffba118c834a",
      "nama": "Sandi Hermawan",
      "nisn": "0064558407",
      "jenis_kelamin": "L",
      "nik": "3205211403060004",
      "tempat_lahir": "Garut",
      "tanggal_lahir": "2006-03-14",
      "agama_id": 1,
      "agama_id_string": "Islam",
      "anggota_rombel_id": "a1254a80-45a2-4f71-812d-1b8b2af63885",
      "rombongan_belajar_id": "652be6dd-f0e2-43c8-88ab-9d4c18f7a89e",
      "tingkat_pendidikan_id": "7",
      "semester_id": "20182",
      "nama_rombel": "VII B",
      "kurikulum_id": 8,
      "kurikulum_id_str": "Kurikulum SMP 2013"
    },
    {
      "registrasi_id": "6d94d9fb-192c-453c-8fd2-7d653181a008",
      "jenis_pendaftaran_id": "1",
      "jenis_pendaftaran_id_string": "Siswa baru",
      "nipd": null,
      "tanggal_masuk_sekolah": "2018-07-01",
      "peserta_didik_id": "14460261-d109-e211-9724-0fcc1f4afc78",
      "nama": "Sabrina Audy Nafisa",
      "nisn": "0066781848",
      "jenis_kelamin": "P",
      "nik": "3175074904060001",
      "tempat_lahir": "Jakarta",
      "tanggal_lahir": "2006-04-09",
      "agama_id": 1,
      "agama_id_string": "Islam",
      "anggota_rombel_id": "16f8bc54-ec5c-4880-a40f-46f1dd8e0ccb",
      "rombongan_belajar_id": "72121415-244a-4c25-892c-2e3e7a84fc44",
      "tingkat_pendidikan_id": "7",
      "semester_id": "20182",
      "nama_rombel": "VII A",
      "kurikulum_id": 8,
      "kurikulum_id_str": "Kurikulum SMP 2013"
    },
    {
      "registrasi_id": "7ed0567e-293f-424d-a823-dc64434b4e95",
      "jenis_pendaftaran_id": "1",
      "jenis_pendaftaran_id_string": "Siswa baru",
      "nipd": null,
      "tanggal_masuk_sekolah": "2018-07-01",
      "peserta_didik_id": "88a59be8-50f9-e111-ac32-ffba118c834a",
      "nama": "Alpa Resta",
      "nisn": "0068874907",
      "jenis_kelamin": "P",
      "nik": "3205216309060002",
      "tempat_lahir": "Garut",
      "tanggal_lahir": "2006-02-24",
      "agama_id": 1,
      "agama_id_string": "Islam",
      "anggota_rombel_id": "696387fe-5377-4f2f-b327-a4f88a4bb2f3",
      "rombongan_belajar_id": "72121415-244a-4c25-892c-2e3e7a84fc44",
      "tingkat_pendidikan_id": "7",
      "semester_id": "20182",
      "nama_rombel": "VII A",
      "kurikulum_id": 8,
      "kurikulum_id_str": "Kurikulum SMP 2013"
    },
    {
      "registrasi_id": "7de9ec2b-7e63-4b39-994d-e50434ea374e",
      "jenis_pendaftaran_id": "1",
      "jenis_pendaftaran_id_string": "Siswa baru",
      "nipd": null,
      "tanggal_masuk_sekolah": "2018-07-01",
      "peserta_didik_id": "f12585b7-62e4-e111-b69f-47f1d10a9976",
      "nama": "Dewi Mulyani",
      "nisn": "0052033155",
      "jenis_kelamin": "P",
      "nik": "3205214605050003",
      "tempat_lahir": "Garut",
      "tanggal_lahir": "2005-05-06",
      "agama_id": 1,
      "agama_id_string": "Islam",
      "anggota_rombel_id": "b430c635-e7bc-45f5-8ffc-b48a975569ce",
      "rombongan_belajar_id": "652be6dd-f0e2-43c8-88ab-9d4c18f7a89e",
      "tingkat_pendidikan_id": "7",
      "semester_id": "20182",
      "nama_rombel": "VII B",
      "kurikulum_id": 8,
      "kurikulum_id_str": "Kurikulum SMP 2013"
    },
    {
      "registrasi_id": "8157a3d6-dbf0-4e32-a827-fb507c2f6494",
      "jenis_pendaftaran_id": "1",
      "jenis_pendaftaran_id_string": "Siswa baru",
      "nipd": null,
      "tanggal_masuk_sekolah": "2018-07-01",
      "peserta_didik_id": "73201439-06ab-e211-bbe0-958a59f6740b",
      "nama": "Alifa Mutiara Zahra",
      "nisn": "0069891736",
      "jenis_kelamin": "P",
      "nik": "3273024304060006",
      "tempat_lahir": "Ciamis",
      "tanggal_lahir": "2006-04-03",
      "agama_id": 1,
      "agama_id_string": "Islam",
      "anggota_rombel_id": "b0d28c65-b8b5-429c-a7aa-408b60f560ce",
      "rombongan_belajar_id": "72121415-244a-4c25-892c-2e3e7a84fc44",
      "tingkat_pendidikan_id": "7",
      "semester_id": "20182",
      "nama_rombel": "VII A",
      "kurikulum_id": 8,
      "kurikulum_id_str": "Kurikulum SMP 2013"
    },
    {
      "registrasi_id": "9ad5de80-5614-4787-a680-5269d728ec2a",
      "jenis_pendaftaran_id": "1",
      "jenis_pendaftaran_id_string": "Siswa baru",
      "nipd": null,
      "tanggal_masuk_sekolah": "2018-07-01",
      "peserta_didik_id": "ced5a0eb-1c1e-e211-9849-ef959d517232",
      "nama": "Aulia Putri Madinah",
      "nisn": "0054198660",
      "jenis_kelamin": "P",
      "nik": "3211116111050001",
      "tempat_lahir": "Sumedang",
      "tanggal_lahir": "2005-11-21",
      "agama_id": 1,
      "agama_id_string": "Islam",
      "anggota_rombel_id": "100f953c-0acc-4e14-826d-ebabec653647",
      "rombongan_belajar_id": "652be6dd-f0e2-43c8-88ab-9d4c18f7a89e",
      "tingkat_pendidikan_id": "7",
      "semester_id": "20182",
      "nama_rombel": "VII B",
      "kurikulum_id": 8,
      "kurikulum_id_str": "Kurikulum SMP 2013"
    },
    {
      "registrasi_id": "bc193821-a6ab-4a47-92df-9b31514ba285",
      "jenis_pendaftaran_id": "1",
      "jenis_pendaftaran_id_string": "Siswa baru",
      "nipd": null,
      "tanggal_masuk_sekolah": "2018-07-01",
      "peserta_didik_id": "fcb55005-870c-e211-8aa3-49a7dbc2dd72",
      "nama": "Fatimah Azzahra",
      "nisn": "0053548385",
      "jenis_kelamin": "P",
      "nik": "3276055912050005",
      "tempat_lahir": "CIAMIS",
      "tanggal_lahir": "2005-12-19",
      "agama_id": 1,
      "agama_id_string": "Islam",
      "anggota_rombel_id": "db90026e-2982-45a0-815d-c5e889b53520",
      "rombongan_belajar_id": "72121415-244a-4c25-892c-2e3e7a84fc44",
      "tingkat_pendidikan_id": "7",
      "semester_id": "20182",
      "nama_rombel": "VII A",
      "kurikulum_id": 8,
      "kurikulum_id_str": "Kurikulum SMP 2013"
    },
    {
      "registrasi_id": "89a3ac3e-4044-44df-9537-b498b86b1a34",
      "jenis_pendaftaran_id": "1",
      "jenis_pendaftaran_id_string": "Siswa baru",
      "nipd": null,
      "tanggal_masuk_sekolah": "2018-07-01",
      "peserta_didik_id": "2daf80c9-3e64-e211-b9d9-cb407d48b256",
      "nama": "Sani Nur Rahmayanti",
      "nisn": "0073971533",
      "jenis_kelamin": "P",
      "nik": "3205210102070001",
      "tempat_lahir": "GARUT",
      "tanggal_lahir": "2007-02-01",
      "agama_id": 1,
      "agama_id_string": "Islam",
      "anggota_rombel_id": "6fb9251f-0040-447c-a0df-6d5be33a8edf",
      "rombongan_belajar_id": "652be6dd-f0e2-43c8-88ab-9d4c18f7a89e",
      "tingkat_pendidikan_id": "7",
      "semester_id": "20182",
      "nama_rombel": "VII B",
      "kurikulum_id": 8,
      "kurikulum_id_str": "Kurikulum SMP 2013"
    },
    {
      "registrasi_id": "ac56918a-76a1-4a24-b128-c145d2d82850",
      "jenis_pendaftaran_id": "1",
      "jenis_pendaftaran_id_string": "Siswa baru",
      "nipd": null,
      "tanggal_masuk_sekolah": "2018-07-01",
      "peserta_didik_id": "b12834f2-50f9-e111-ac32-ffba118c834a",
      "nama": "Bayu Permana",
      "nisn": "0059695333",
      "jenis_kelamin": "L",
      "nik": "3205210506050008",
      "tempat_lahir": "Garut",
      "tanggal_lahir": "2005-05-05",
      "agama_id": 1,
      "agama_id_string": "Islam",
      "anggota_rombel_id": "54f92e77-8a9c-420e-898b-1245324a7749",
      "rombongan_belajar_id": "652be6dd-f0e2-43c8-88ab-9d4c18f7a89e",
      "tingkat_pendidikan_id": "7",
      "semester_id": "20182",
      "nama_rombel": "VII B",
      "kurikulum_id": 8,
      "kurikulum_id_str": "Kurikulum SMP 2013"
    },
    {
      "registrasi_id": "b66fe948-6124-44e7-ab62-f8d95ef4b1d1",
      "jenis_pendaftaran_id": "1",
      "jenis_pendaftaran_id_string": "Siswa baru",
      "nipd": null,
      "tanggal_masuk_sekolah": "2018-07-01",
      "peserta_didik_id": "297bbe17-b621-e211-af1c-d11ef0e186d6",
      "nama": "Moch Adrian Putra Hidayat",
      "nisn": "0065352069",
      "jenis_kelamin": "L",
      "nik": "3205072401060001",
      "tempat_lahir": "Garut",
      "tanggal_lahir": "2006-01-24",
      "agama_id": 1,
      "agama_id_string": "Islam",
      "anggota_rombel_id": "061040ac-d142-4938-b8cb-c8db850c6a6d",
      "rombongan_belajar_id": "72121415-244a-4c25-892c-2e3e7a84fc44",
      "tingkat_pendidikan_id": "7",
      "semester_id": "20182",
      "nama_rombel": "VII A",
      "kurikulum_id": 8,
      "kurikulum_id_str": "Kurikulum SMP 2013"
    },
    {
      "registrasi_id": "f4513342-8f73-461e-86ff-11e5137c1ce0",
      "jenis_pendaftaran_id": "1",
      "jenis_pendaftaran_id_string": "Siswa baru",
      "nipd": null,
      "tanggal_masuk_sekolah": "2018-07-01",
      "peserta_didik_id": "0c0d8755-66f9-e111-ac32-ffba118c834a",
      "nama": "Rizal Laksana",
      "nisn": "0075845275",
      "jenis_kelamin": "L",
      "nik": "3205210402070003",
      "tempat_lahir": "Garut",
      "tanggal_lahir": "2007-01-07",
      "agama_id": 1,
      "agama_id_string": "Islam",
      "anggota_rombel_id": "59cfea27-ced9-4419-b9cd-a812fdd0c987",
      "rombongan_belajar_id": "72121415-244a-4c25-892c-2e3e7a84fc44",
      "tingkat_pendidikan_id": "7",
      "semester_id": "20182",
      "nama_rombel": "VII A",
      "kurikulum_id": 8,
      "kurikulum_id_str": "Kurikulum SMP 2013"
    },
    {
      "registrasi_id": "cd3ca320-0fca-4e89-9c7b-40523d57a168",
      "jenis_pendaftaran_id": "1",
      "jenis_pendaftaran_id_string": "Siswa baru",
      "nipd": null,
      "tanggal_masuk_sekolah": "2018-07-01",
      "peserta_didik_id": "178d9bab-ebfb-e111-8eda-47e1c73dd130",
      "nama": "Nabila Inten Pertiwi",
      "nisn": "0064402741",
      "jenis_kelamin": "P",
      "nik": "3273282210050001",
      "tempat_lahir": "CIMAHI",
      "tanggal_lahir": "2005-10-22",
      "agama_id": 1,
      "agama_id_string": "Islam",
      "anggota_rombel_id": "30ef5a36-3070-474a-a13b-51887a061671",
      "rombongan_belajar_id": "652be6dd-f0e2-43c8-88ab-9d4c18f7a89e",
      "tingkat_pendidikan_id": "7",
      "semester_id": "20182",
      "nama_rombel": "VII B",
      "kurikulum_id": 8,
      "kurikulum_id_str": "Kurikulum SMP 2013"
    },
    {
      "registrasi_id": "dcd81a6c-a863-4730-bdb6-7e0d00bdd09d",
      "jenis_pendaftaran_id": "1",
      "jenis_pendaftaran_id_string": "Siswa baru",
      "nipd": null,
      "tanggal_masuk_sekolah": "2018-07-01",
      "peserta_didik_id": "e78556e7-51f9-e111-ac32-ffba118c834a",
      "nama": "Winarti Lestari",
      "nisn": "0055500167",
      "jenis_kelamin": "P",
      "nik": "1007362003002732",
      "tempat_lahir": "Garut",
      "tanggal_lahir": "2005-07-20",
      "agama_id": 1,
      "agama_id_string": "Islam",
      "anggota_rombel_id": "b66968d7-55c3-4a3e-991b-42a4825c63d3",
      "rombongan_belajar_id": "652be6dd-f0e2-43c8-88ab-9d4c18f7a89e",
      "tingkat_pendidikan_id": "7",
      "semester_id": "20182",
      "nama_rombel": "VII B",
      "kurikulum_id": 8,
      "kurikulum_id_str": "Kurikulum SMP 2013"
    },
    {
      "registrasi_id": "c64c6681-8996-43f5-9566-e106a4de5393",
      "jenis_pendaftaran_id": "1",
      "jenis_pendaftaran_id_string": "Siswa baru",
      "nipd": null,
      "tanggal_masuk_sekolah": "2018-07-01",
      "peserta_didik_id": "0c564070-d107-e211-b115-0b84ed24bc4a",
      "nama": "Devana Kayyisa Wibawa",
      "nisn": "0052987578",
      "jenis_kelamin": "P",
      "nik": "3204546070500003",
      "tempat_lahir": "BANDUNG",
      "tanggal_lahir": "2005-07-06",
      "agama_id": 1,
      "agama_id_string": "Islam",
      "anggota_rombel_id": "1de40d11-750f-4288-8330-3e7dc0d85635",
      "rombongan_belajar_id": "72121415-244a-4c25-892c-2e3e7a84fc44",
      "tingkat_pendidikan_id": "7",
      "semester_id": "20182",
      "nama_rombel": "VII A",
      "kurikulum_id": 8,
      "kurikulum_id_str": "Kurikulum SMP 2013"
    },
    {
      "registrasi_id": "fed4690e-2f6a-4701-89e4-7155bf1df2d6",
      "jenis_pendaftaran_id": "1",
      "jenis_pendaftaran_id_string": "Siswa baru",
      "nipd": null,
      "tanggal_masuk_sekolah": "2018-07-01",
      "peserta_didik_id": "2c08afe0-51f9-e111-ac32-ffba118c834a",
      "nama": "Tuti Nurhayati",
      "nisn": "0061678609",
      "jenis_kelamin": "P",
      "nik": "3205217012050003",
      "tempat_lahir": "Garut",
      "tanggal_lahir": "2006-12-30",
      "agama_id": 1,
      "agama_id_string": "Islam",
      "anggota_rombel_id": "0997f892-7efb-4aca-b60c-4123e5df8fae",
      "rombongan_belajar_id": "72121415-244a-4c25-892c-2e3e7a84fc44",
      "tingkat_pendidikan_id": "7",
      "semester_id": "20182",
      "nama_rombel": "VII A",
      "kurikulum_id": 8,
      "kurikulum_id_str": "Kurikulum SMP 2013"
    },
    {
      "registrasi_id": "013d7344-c8f7-421f-84a0-fe033b778ada",
      "jenis_pendaftaran_id": "1",
      "jenis_pendaftaran_id_string": "Siswa baru",
      "nipd": null,
      "tanggal_masuk_sekolah": "2018-07-01",
      "peserta_didik_id": "c1480883-35f3-e111-bb51-f91e0ef1106e",
      "nama": "Farah Neyla Salma",
      "nisn": "0066932598",
      "jenis_kelamin": "P",
      "nik": "3205052305080012",
      "tempat_lahir": "Garut",
      "tanggal_lahir": "2006-09-06",
      "agama_id": 1,
      "agama_id_string": "Islam",
      "anggota_rombel_id": "65caa24e-ba39-4d3b-a8eb-8ef1f7df3869",
      "rombongan_belajar_id": "652be6dd-f0e2-43c8-88ab-9d4c18f7a89e",
      "tingkat_pendidikan_id": "7",
      "semester_id": "20182",
      "nama_rombel": "VII B",
      "kurikulum_id": 8,
      "kurikulum_id_str": "Kurikulum SMP 2013"
    },
    {
      "registrasi_id": "16f3f98b-7fc1-4388-829c-390fefbb4f95",
      "jenis_pendaftaran_id": "1",
      "jenis_pendaftaran_id_string": "Siswa baru",
      "nipd": null,
      "tanggal_masuk_sekolah": "2018-07-01",
      "peserta_didik_id": "88c374c0-7ca9-11e3-aabf-37e464c1eef9",
      "nama": "M. RIFQI BAHARA ILMAN",
      "nisn": "0056553530",
      "jenis_kelamin": "L",
      "nik": "3204323007050009",
      "tempat_lahir": "Bandung",
      "tanggal_lahir": "2005-07-30",
      "agama_id": 1,
      "agama_id_string": "Islam",
      "anggota_rombel_id": "581a37b9-8c6f-47c6-ba19-221527736179",
      "rombongan_belajar_id": "652be6dd-f0e2-43c8-88ab-9d4c18f7a89e",
      "tingkat_pendidikan_id": "7",
      "semester_id": "20182",
      "nama_rombel": "VII B",
      "kurikulum_id": 8,
      "kurikulum_id_str": "Kurikulum SMP 2013"
    },
    {
      "registrasi_id": "2c5bb6fd-804d-4964-8ff5-9ad87380fcb9",
      "jenis_pendaftaran_id": "1",
      "jenis_pendaftaran_id_string": "Siswa baru",
      "nipd": null,
      "tanggal_masuk_sekolah": "2018-07-01",
      "peserta_didik_id": "2f77acdd-1af4-e111-a04c-9fe9e3ef1db3",
      "nama": "Mohammad Azka Maulana",
      "nisn": "0057443607",
      "jenis_kelamin": "L",
      "nik": "3204321911050001",
      "tempat_lahir": "Bandung",
      "tanggal_lahir": "2005-11-19",
      "agama_id": 1,
      "agama_id_string": "Islam",
      "anggota_rombel_id": "897a7bd1-33fc-43e6-aab8-a5c051697bb2",
      "rombongan_belajar_id": "652be6dd-f0e2-43c8-88ab-9d4c18f7a89e",
      "tingkat_pendidikan_id": "7",
      "semester_id": "20182",
      "nama_rombel": "VII B",
      "kurikulum_id": 8,
      "kurikulum_id_str": "Kurikulum SMP 2013"
    },
    {
      "registrasi_id": "35638928-e7a8-4395-a152-63c2e74c7a16",
      "jenis_pendaftaran_id": "1",
      "jenis_pendaftaran_id_string": "Siswa baru",
      "nipd": null,
      "tanggal_masuk_sekolah": "2018-07-01",
      "peserta_didik_id": "2927b5e0-91ac-e211-abf2-671d682b0042",
      "nama": "Muhamad Rian Darmawan",
      "nisn": "0056770496",
      "jenis_kelamin": "L",
      "nik": "3204282210050019",
      "tempat_lahir": "Jakarta",
      "tanggal_lahir": "2005-10-22",
      "agama_id": 1,
      "agama_id_string": "Islam",
      "anggota_rombel_id": "48a8c49c-f395-4e14-a9a7-e90782ad3b98",
      "rombongan_belajar_id": "652be6dd-f0e2-43c8-88ab-9d4c18f7a89e",
      "tingkat_pendidikan_id": "7",
      "semester_id": "20182",
      "nama_rombel": "VII B",
      "kurikulum_id": 8,
      "kurikulum_id_str": "Kurikulum SMP 2013"
    },
    {
      "registrasi_id": "3461e421-ea17-4552-b159-9bf48dbf66ad",
      "jenis_pendaftaran_id": "1",
      "jenis_pendaftaran_id_string": "Siswa baru",
      "nipd": null,
      "tanggal_masuk_sekolah": "2018-07-01",
      "peserta_didik_id": "5258c285-fcf3-e111-aed1-e395d67ca6f1",
      "nama": "Reva Ramadhani Putri",
      "nisn": "0067366997",
      "jenis_kelamin": "P",
      "nik": "3204320104055535",
      "tempat_lahir": "Bandung",
      "tanggal_lahir": "2006-10-21",
      "agama_id": 1,
      "agama_id_string": "Islam",
      "anggota_rombel_id": "cbac5e7a-69ab-48b8-ae6b-6a047fa6a09a",
      "rombongan_belajar_id": "652be6dd-f0e2-43c8-88ab-9d4c18f7a89e",
      "tingkat_pendidikan_id": "7",
      "semester_id": "20182",
      "nama_rombel": "VII B",
      "kurikulum_id": 8,
      "kurikulum_id_str": "Kurikulum SMP 2013"
    },
    {
      "registrasi_id": "3b90a72f-1232-42b1-8cd3-7645c65cce23",
      "jenis_pendaftaran_id": "1",
      "jenis_pendaftaran_id_string": "Siswa baru",
      "nipd": null,
      "tanggal_masuk_sekolah": "2018-07-01",
      "peserta_didik_id": "538a1acd-0315-e211-abce-736c6a8e9b0f",
      "nama": "Wildan Khalid Wijaya",
      "nisn": "0053145832",
      "jenis_kelamin": "L",
      "nik": "3204080902060002",
      "tempat_lahir": "Bandung",
      "tanggal_lahir": "2005-03-01",
      "agama_id": 1,
      "agama_id_string": "Islam",
      "anggota_rombel_id": "57d6d313-c5c8-4c1d-b899-d61cf1daa6d0",
      "rombongan_belajar_id": "652be6dd-f0e2-43c8-88ab-9d4c18f7a89e",
      "tingkat_pendidikan_id": "7",
      "semester_id": "20182",
      "nama_rombel": "VII B",
      "kurikulum_id": 8,
      "kurikulum_id_str": "Kurikulum SMP 2013"
    },
    {
      "registrasi_id": "706165bb-b1a3-4717-b1b8-78e798de7c90",
      "jenis_pendaftaran_id": "1",
      "jenis_pendaftaran_id_string": "Siswa baru",
      "nipd": null,
      "tanggal_masuk_sekolah": "2018-07-01",
      "peserta_didik_id": "5858f22b-4501-e211-a5a0-234b3825a1bc",
      "nama": "Kamil Nugraha",
      "nisn": "0067913377",
      "jenis_kelamin": "L",
      "nik": "3207181801060004",
      "tempat_lahir": "Ciamis",
      "tanggal_lahir": "2006-01-18",
      "agama_id": 1,
      "agama_id_string": "Islam",
      "anggota_rombel_id": "4c6767d0-722b-4bbc-90ce-11320ca13309",
      "rombongan_belajar_id": "652be6dd-f0e2-43c8-88ab-9d4c18f7a89e",
      "tingkat_pendidikan_id": "7",
      "semester_id": "20182",
      "nama_rombel": "VII B",
      "kurikulum_id": 8,
      "kurikulum_id_str": "Kurikulum SMP 2013"
    },
    {
      "registrasi_id": "4e252304-9989-46d1-b0dc-fb51decf28ea",
      "jenis_pendaftaran_id": "1",
      "jenis_pendaftaran_id_string": "Siswa baru",
      "nipd": null,
      "tanggal_masuk_sekolah": "2018-07-01",
      "peserta_didik_id": "5a24b196-8809-e211-8112-71b9a9c51a66",
      "nama": "Saskia Alifa Nadhira",
      "nisn": "0068751172",
      "jenis_kelamin": "P",
      "nik": "1050156903065001",
      "tempat_lahir": "Bandung",
      "tanggal_lahir": "2006-03-29",
      "agama_id": 1,
      "agama_id_string": "Islam",
      "anggota_rombel_id": "660332ed-22fd-4902-968b-33a208ed5243",
      "rombongan_belajar_id": "652be6dd-f0e2-43c8-88ab-9d4c18f7a89e",
      "tingkat_pendidikan_id": "7",
      "semester_id": "20182",
      "nama_rombel": "VII B",
      "kurikulum_id": 8,
      "kurikulum_id_str": "Kurikulum SMP 2013"
    },
    {
      "registrasi_id": "8c51623b-b74d-4485-beed-6ddcbae3ddb1",
      "jenis_pendaftaran_id": "1",
      "jenis_pendaftaran_id_string": "Siswa baru",
      "nipd": null,
      "tanggal_masuk_sekolah": "2018-07-01",
      "peserta_didik_id": "f03cc983-7738-e211-abe7-475fabb27668",
      "nama": "Achmar Farid Ryven",
      "nisn": "0067113482",
      "jenis_kelamin": "L",
      "nik": "3275060701060002",
      "tempat_lahir": "Bandung",
      "tanggal_lahir": "2006-01-07",
      "agama_id": 1,
      "agama_id_string": "Islam",
      "anggota_rombel_id": "c8ffaf65-e2e0-4350-a8d8-617b0f62e904",
      "rombongan_belajar_id": "652be6dd-f0e2-43c8-88ab-9d4c18f7a89e",
      "tingkat_pendidikan_id": "7",
      "semester_id": "20182",
      "nama_rombel": "VII B",
      "kurikulum_id": 8,
      "kurikulum_id_str": "Kurikulum SMP 2013"
    },
    {
      "registrasi_id": "8698ea79-9b7e-4372-bb4c-7366c97219f1",
      "jenis_pendaftaran_id": "1",
      "jenis_pendaftaran_id_string": "Siswa baru",
      "nipd": null,
      "tanggal_masuk_sekolah": "2018-07-01",
      "peserta_didik_id": "8fa4dbd1-2e02-e211-a0c1-f1561a8f9e70",
      "nama": "Hizqil Ubaidillahil Achyar",
      "nisn": "0068313694",
      "jenis_kelamin": "L",
      "nik": "7303022706060001",
      "tempat_lahir": "Bantaeng",
      "tanggal_lahir": "2006-06-27",
      "agama_id": 1,
      "agama_id_string": "Islam",
      "anggota_rombel_id": "5a48c973-53a2-41dd-96a1-216a71fc7843",
      "rombongan_belajar_id": "652be6dd-f0e2-43c8-88ab-9d4c18f7a89e",
      "tingkat_pendidikan_id": "7",
      "semester_id": "20182",
      "nama_rombel": "VII B",
      "kurikulum_id": 8,
      "kurikulum_id_str": "Kurikulum SMP 2013"
    },
    {
      "registrasi_id": "8eca283a-8585-41d8-bfc1-04976cc6b0ae",
      "jenis_pendaftaran_id": "1",
      "jenis_pendaftaran_id_string": "Siswa baru",
      "nipd": null,
      "tanggal_masuk_sekolah": "2018-07-01",
      "peserta_didik_id": "6d129d62-45f6-11e3-b8e2-8b632ae8c511",
      "nama": "Shaffa Fauzi Ramdhani",
      "nisn": "0065959989",
      "jenis_kelamin": "L",
      "nik": "3204090810060010",
      "tempat_lahir": "Bandung",
      "tanggal_lahir": "2006-10-08",
      "agama_id": 1,
      "agama_id_string": "Islam",
      "anggota_rombel_id": "394ff651-cc17-488a-80cb-6f5d0d422b7c",
      "rombongan_belajar_id": "652be6dd-f0e2-43c8-88ab-9d4c18f7a89e",
      "tingkat_pendidikan_id": "7",
      "semester_id": "20182",
      "nama_rombel": "VII B",
      "kurikulum_id": 8,
      "kurikulum_id_str": "Kurikulum SMP 2013"
    },
    {
      "registrasi_id": "a20b742d-ff39-4a4a-974f-5469b52f9137",
      "jenis_pendaftaran_id": "1",
      "jenis_pendaftaran_id_string": "Siswa baru",
      "nipd": null,
      "tanggal_masuk_sekolah": "2018-07-01",
      "peserta_didik_id": "adfd90cb-e4f1-e111-86be-65ecf90cbfb5",
      "nama": "Azri Akbar Khoiri",
      "nisn": "0053763240",
      "jenis_kelamin": "L",
      "nik": "3207035502780001",
      "tempat_lahir": "CIAMIS",
      "tanggal_lahir": "2005-05-01",
      "agama_id": 1,
      "agama_id_string": "Islam",
      "anggota_rombel_id": "8eb39e1d-4570-42d2-a495-faeb574a461e",
      "rombongan_belajar_id": "72121415-244a-4c25-892c-2e3e7a84fc44",
      "tingkat_pendidikan_id": "7",
      "semester_id": "20182",
      "nama_rombel": "VII A",
      "kurikulum_id": 8,
      "kurikulum_id_str": "Kurikulum SMP 2013"
    },
    {
      "registrasi_id": "9273c285-c70a-4105-82a2-8dd40914513a",
      "jenis_pendaftaran_id": "1",
      "jenis_pendaftaran_id_string": "Siswa baru",
      "nipd": null,
      "tanggal_masuk_sekolah": "2018-07-01",
      "peserta_didik_id": "9cff95ce-e6e1-e111-befb-c54d25aeddd5",
      "nama": "Boyke Rofiqu Ikhwan",
      "nisn": "0069548405",
      "jenis_kelamin": "L",
      "nik": "3204290310050001",
      "tempat_lahir": "Bandung",
      "tanggal_lahir": "2005-10-03",
      "agama_id": 1,
      "agama_id_string": "Islam",
      "anggota_rombel_id": "68dd0ec5-ae09-49ef-828a-e0cad8cb5c49",
      "rombongan_belajar_id": "652be6dd-f0e2-43c8-88ab-9d4c18f7a89e",
      "tingkat_pendidikan_id": "7",
      "semester_id": "20182",
      "nama_rombel": "VII B",
      "kurikulum_id": 8,
      "kurikulum_id_str": "Kurikulum SMP 2013"
    },
    {
      "registrasi_id": "ad79e3b6-79ee-4776-bd14-9823ce2d1cb0",
      "jenis_pendaftaran_id": "1",
      "jenis_pendaftaran_id_string": "Siswa baru",
      "nipd": null,
      "tanggal_masuk_sekolah": "2018-07-01",
      "peserta_didik_id": "3a724fdc-a9f4-e111-aa67-11e170ae1444",
      "nama": "Ibrahim Adjie",
      "nisn": "0069583886",
      "jenis_kelamin": "L",
      "nik": "3673010305060003",
      "tempat_lahir": "CIMAHI",
      "tanggal_lahir": "2006-05-03",
      "agama_id": 1,
      "agama_id_string": "Islam",
      "anggota_rombel_id": "88d1087d-76e9-40a0-bbc8-0fcb66f74e9e",
      "rombongan_belajar_id": "72121415-244a-4c25-892c-2e3e7a84fc44",
      "tingkat_pendidikan_id": "7",
      "semester_id": "20182",
      "nama_rombel": "VII A",
      "kurikulum_id": 8,
      "kurikulum_id_str": "Kurikulum SMP 2013"
    },
    {
      "registrasi_id": "bddb7bba-00b6-4a7a-bf7e-f54427e7d7c6",
      "jenis_pendaftaran_id": "1",
      "jenis_pendaftaran_id_string": "Siswa baru",
      "nipd": null,
      "tanggal_masuk_sekolah": "2018-07-01",
      "peserta_didik_id": "fd5ddf61-9b19-e211-aa19-d1a037d1a6c1",
      "nama": "Muhammad Raya Marjuwan",
      "nisn": "0064138120",
      "jenis_kelamin": "L",
      "nik": "3216061803060006",
      "tempat_lahir": "Bekasi",
      "tanggal_lahir": "2006-03-18",
      "agama_id": 1,
      "agama_id_string": "Islam",
      "anggota_rombel_id": "3edc83ae-cbec-4fe4-9d80-c3b2b1af9d75",
      "rombongan_belajar_id": "72121415-244a-4c25-892c-2e3e7a84fc44",
      "tingkat_pendidikan_id": "7",
      "semester_id": "20182",
      "nama_rombel": "VII A",
      "kurikulum_id": 8,
      "kurikulum_id_str": "Kurikulum SMP 2013"
    },
    {
      "registrasi_id": "c635a7b4-1324-4de1-9d35-0d4ee1b9cdbc",
      "jenis_pendaftaran_id": "1",
      "jenis_pendaftaran_id_string": "Siswa baru",
      "nipd": null,
      "tanggal_masuk_sekolah": "2018-07-01",
      "peserta_didik_id": "6df5b139-5120-e211-b00d-9121c1c3d578",
      "nama": "Muhammad Ridwan Firdaus",
      "nisn": "0061877002",
      "jenis_kelamin": "L",
      "nik": "3273152809060005",
      "tempat_lahir": "Bandung",
      "tanggal_lahir": "2006-09-28",
      "agama_id": 1,
      "agama_id_string": "Islam",
      "anggota_rombel_id": "ff3819f3-6b3d-4552-80d2-d194bb46d1bf",
      "rombongan_belajar_id": "72121415-244a-4c25-892c-2e3e7a84fc44",
      "tingkat_pendidikan_id": "7",
      "semester_id": "20182",
      "nama_rombel": "VII A",
      "kurikulum_id": 8,
      "kurikulum_id_str": "Kurikulum SMP 2013"
    },
    {
      "registrasi_id": "d43ad7aa-81b9-4b1c-9b7e-935d0fd3ce7c",
      "jenis_pendaftaran_id": "1",
      "jenis_pendaftaran_id_string": "Siswa baru",
      "nipd": null,
      "tanggal_masuk_sekolah": "2018-07-01",
      "peserta_didik_id": "70e0df9d-78df-e111-a7a8-cd92b4a3eafe",
      "nama": "Nabilah Affan Zahrotul Kasanah",
      "nisn": "0069049581",
      "jenis_kelamin": "P",
      "nik": "3306025508060001",
      "tempat_lahir": "Purworejo",
      "tanggal_lahir": "2006-08-15",
      "agama_id": 1,
      "agama_id_string": "Islam",
      "anggota_rombel_id": "063283c8-0c4c-43b1-b846-980502d0aba2",
      "rombongan_belajar_id": "72121415-244a-4c25-892c-2e3e7a84fc44",
      "tingkat_pendidikan_id": "7",
      "semester_id": "20182",
      "nama_rombel": "VII A",
      "kurikulum_id": 8,
      "kurikulum_id_str": "Kurikulum SMP 2013"
    },
    {
      "registrasi_id": "e891dfac-000a-45a0-b311-650d0ab25790",
      "jenis_pendaftaran_id": "1",
      "jenis_pendaftaran_id_string": "Siswa baru",
      "nipd": null,
      "tanggal_masuk_sekolah": "2018-07-01",
      "peserta_didik_id": "d352c101-b102-e211-b594-69f26b862669",
      "nama": "Fariel Agutian Firdaus",
      "nisn": "0065142830",
      "jenis_kelamin": "L",
      "nik": "3204280208060007",
      "tempat_lahir": "BANDUNG",
      "tanggal_lahir": "2006-08-02",
      "agama_id": 1,
      "agama_id_string": "Islam",
      "anggota_rombel_id": "acf07c3f-38ce-4b31-9186-18633ce081e9",
      "rombongan_belajar_id": "72121415-244a-4c25-892c-2e3e7a84fc44",
      "tingkat_pendidikan_id": "7",
      "semester_id": "20182",
      "nama_rombel": "VII A",
      "kurikulum_id": 8,
      "kurikulum_id_str": "Kurikulum SMP 2013"
    },
    {
      "registrasi_id": "629c13ef-5e7a-46e8-aab7-c3fcab855cfa",
      "jenis_pendaftaran_id": "2",
      "jenis_pendaftaran_id_string": "Pindahan",
      "nipd": "171808022",
      "tanggal_masuk_sekolah": "2018-03-02",
      "peserta_didik_id": "4312aad8-4b23-e211-bcc9-3f43832a41f7",
      "nama": "Faris Julfiker Irfani",
      "nisn": "0049243243",
      "jenis_kelamin": "L",
      "nik": "3205021504040008",
      "tempat_lahir": "GARUT",
      "tanggal_lahir": "2004-04-15",
      "agama_id": 1,
      "agama_id_string": "Islam",
      "anggota_rombel_id": "510c105e-f2ad-477e-90ed-e7ea40d94ea9",
      "rombongan_belajar_id": "6b5ed33c-af73-4a5b-9269-cac3e0ecb8a4",
      "tingkat_pendidikan_id": "9",
      "semester_id": "20182",
      "nama_rombel": "IX",
      "kurikulum_id": 8,
      "kurikulum_id_str": "Kurikulum SMP 2013"
    },
    {
      "registrasi_id": "6e04f599-1351-480a-9728-b40764890f64",
      "jenis_pendaftaran_id": "2",
      "jenis_pendaftaran_id_string": "Pindahan",
      "nipd": "171808019",
      "tanggal_masuk_sekolah": "2017-07-17",
      "peserta_didik_id": "ad314fed-7186-48ab-9bda-da990862ea66",
      "nama": "Farah Naura Rahmah",
      "nisn": "0040917114",
      "jenis_kelamin": "P",
      "nik": "3276056503040010",
      "tempat_lahir": "Tasikmalaya",
      "tanggal_lahir": "2004-04-25",
      "agama_id": 1,
      "agama_id_string": "Islam",
      "anggota_rombel_id": "bdd49a2d-c5ab-4341-9beb-43d4f62f8ed7",
      "rombongan_belajar_id": "6b5ed33c-af73-4a5b-9269-cac3e0ecb8a4",
      "tingkat_pendidikan_id": "9",
      "semester_id": "20182",
      "nama_rombel": "IX",
      "kurikulum_id": 8,
      "kurikulum_id_str": "Kurikulum SMP 2013"
    },
    {
      "registrasi_id": "92cf6608-2019-433c-8657-e57e55d17d72",
      "jenis_pendaftaran_id": "1",
      "jenis_pendaftaran_id_string": "Siswa baru",
      "nipd": null,
      "tanggal_masuk_sekolah": "2018-07-01",
      "peserta_didik_id": "ed7d7aa0-37de-11e4-8a61-2b106caf3286",
      "nama": "Lahya Ghuita Maylan",
      "nisn": "0067542725",
      "jenis_kelamin": "P",
      "nik": "3204375503060006",
      "tempat_lahir": "BANDUNG",
      "tanggal_lahir": "2006-05-15",
      "agama_id": 1,
      "agama_id_string": "Islam",
      "anggota_rombel_id": "400f7854-0618-4312-9b20-5036667cb7fb",
      "rombongan_belajar_id": "72121415-244a-4c25-892c-2e3e7a84fc44",
      "tingkat_pendidikan_id": "7",
      "semester_id": "20182",
      "nama_rombel": "VII A",
      "kurikulum_id": 8,
      "kurikulum_id_str": "Kurikulum SMP 2013"
    },
    {
      "registrasi_id": "a55cbb79-d9e1-4f48-8f2b-d1fc01d1851b",
      "jenis_pendaftaran_id": "1",
      "jenis_pendaftaran_id_string": "Siswa baru",
      "nipd": null,
      "tanggal_masuk_sekolah": "2018-07-01",
      "peserta_didik_id": "cc154728-51f9-e111-ac32-ffba118c834a",
      "nama": "Intan Nur Azizah",
      "nisn": "0063611930",
      "jenis_kelamin": "P",
      "nik": "3205212510090001",
      "tempat_lahir": "Garut",
      "tanggal_lahir": "2006-03-06",
      "agama_id": 1,
      "agama_id_string": "Islam",
      "anggota_rombel_id": "b5fdb65b-546d-4f64-9f07-345952ba484f",
      "rombongan_belajar_id": "72121415-244a-4c25-892c-2e3e7a84fc44",
      "tingkat_pendidikan_id": "7",
      "semester_id": "20182",
      "nama_rombel": "VII A",
      "kurikulum_id": 8,
      "kurikulum_id_str": "Kurikulum SMP 2013"
    },
    {
      "registrasi_id": "c32c9f33-7028-47c2-add1-07ad5db5cc22",
      "jenis_pendaftaran_id": "1",
      "jenis_pendaftaran_id_string": "Siswa baru",
      "nipd": null,
      "tanggal_masuk_sekolah": "2018-07-01",
      "peserta_didik_id": "bdde4d4a-51f9-e111-ac32-ffba118c834a",
      "nama": "Rian Robiana",
      "nisn": "0065465770",
      "jenis_kelamin": "L",
      "nik": "3205211101060005",
      "tempat_lahir": "Garut",
      "tanggal_lahir": "2006-01-11",
      "agama_id": 1,
      "agama_id_string": "Islam",
      "anggota_rombel_id": "31cd1fcf-96cb-49bb-ad80-1a6a5ee0a410",
      "rombongan_belajar_id": "72121415-244a-4c25-892c-2e3e7a84fc44",
      "tingkat_pendidikan_id": "7",
      "semester_id": "20182",
      "nama_rombel": "VII A",
      "kurikulum_id": 8,
      "kurikulum_id_str": "Kurikulum SMP 2013"
    },
    {
      "registrasi_id": "b6b022e0-72ca-4dc0-96fb-7eb9f203b4f5",
      "jenis_pendaftaran_id": "1",
      "jenis_pendaftaran_id_string": "Siswa baru",
      "nipd": null,
      "tanggal_masuk_sekolah": "2018-07-01",
      "peserta_didik_id": "dc5f7f36-51f9-e111-ac32-ffba118c834a",
      "nama": "Ripaldi",
      "nisn": "0061052767",
      "jenis_kelamin": "L",
      "nik": "3205211107060002",
      "tempat_lahir": "Garut",
      "tanggal_lahir": "2006-07-11",
      "agama_id": 1,
      "agama_id_string": "Islam",
      "anggota_rombel_id": "35b7fda1-1648-45dc-8ec4-a5c66bf599c3",
      "rombongan_belajar_id": "652be6dd-f0e2-43c8-88ab-9d4c18f7a89e",
      "tingkat_pendidikan_id": "7",
      "semester_id": "20182",
      "nama_rombel": "VII B",
      "kurikulum_id": 8,
      "kurikulum_id_str": "Kurikulum SMP 2013"
    },
    {
      "registrasi_id": "f2e4d697-9779-49ad-b0e0-2156e404d271",
      "jenis_pendaftaran_id": "1",
      "jenis_pendaftaran_id_string": "Siswa baru",
      "nipd": null,
      "tanggal_masuk_sekolah": "2018-07-01",
      "peserta_didik_id": "e433d99e-34ab-e211-b444-bb183a14a8d1",
      "nama": "Muhammad Akmal Chandra Wiguna",
      "nisn": "0073463591",
      "jenis_kelamin": "L",
      "nik": "3277012203050004",
      "tempat_lahir": "Bandung",
      "tanggal_lahir": "2005-03-22",
      "agama_id": 1,
      "agama_id_string": "Islam",
      "anggota_rombel_id": "3540e8b8-d5f2-418e-90fd-853c7b09abad",
      "rombongan_belajar_id": "652be6dd-f0e2-43c8-88ab-9d4c18f7a89e",
      "tingkat_pendidikan_id": "7",
      "semester_id": "20182",
      "nama_rombel": "VII B",
      "kurikulum_id": 8,
      "kurikulum_id_str": "Kurikulum SMP 2013"
    },
    {
      "registrasi_id": "ccd1d3e9-66d4-478e-b893-4b3d1865bedc",
      "jenis_pendaftaran_id": "1",
      "jenis_pendaftaran_id_string": "Siswa baru",
      "nipd": null,
      "tanggal_masuk_sekolah": "2018-07-01",
      "peserta_didik_id": "aa5cd131-54fd-e111-a5f9-b3fd6a608e20",
      "nama": "Ginding Luginasakti",
      "nisn": "0049313376",
      "jenis_kelamin": "L",
      "nik": "3277020908040009",
      "tempat_lahir": "CIMAHI",
      "tanggal_lahir": "2004-08-09",
      "agama_id": 1,
      "agama_id_string": "Islam",
      "anggota_rombel_id": "cb0a7af9-a9e2-4206-a11a-52e4efe3b74f",
      "rombongan_belajar_id": "db826fae-2f36-407d-8e3e-96856b125e05",
      "tingkat_pendidikan_id": "8",
      "semester_id": "20182",
      "nama_rombel": "VIII",
      "kurikulum_id": 7,
      "kurikulum_id_str": "Kurikulum SMP KTSP"
    },
    {
      "registrasi_id": "6c613e84-6b26-43d7-9b9e-3e09cbea5e73",
      "jenis_pendaftaran_id": "2",
      "jenis_pendaftaran_id_string": "Pindahan",
      "nipd": "171808021",
      "tanggal_masuk_sekolah": "2018-03-02",
      "peserta_didik_id": "a69ea4ba-9be4-e111-af75-2bc44ad49af9",
      "nama": "Ikhwan Abdilah",
      "nisn": "0033728462",
      "jenis_kelamin": "L",
      "nik": "3205312112040003",
      "tempat_lahir": "Garut",
      "tanggal_lahir": "2004-12-21",
      "agama_id": 1,
      "agama_id_string": "Islam",
      "anggota_rombel_id": "fa5d2716-385b-4715-ad11-99bac5afd4ed",
      "rombongan_belajar_id": "6b5ed33c-af73-4a5b-9269-cac3e0ecb8a4",
      "tingkat_pendidikan_id": "9",
      "semester_id": "20182",
      "nama_rombel": "IX",
      "kurikulum_id": 8,
      "kurikulum_id_str": "Kurikulum SMP 2013"
    },
    {
      "registrasi_id": "e5935005-5c5a-486c-8262-078a095c5ab6",
      "jenis_pendaftaran_id": "1",
      "jenis_pendaftaran_id_string": "Siswa baru",
      "nipd": "161707015",
      "tanggal_masuk_sekolah": "2016-11-08",
      "peserta_didik_id": "c4c12903-c4f9-e111-8068-af61aebfca80",
      "nama": "Silpa",
      "nisn": "0039530678",
      "jenis_kelamin": "L",
      "nik": "3205214510030002",
      "tempat_lahir": "Garut",
      "tanggal_lahir": "2003-06-29",
      "agama_id": 1,
      "agama_id_string": "Islam",
      "anggota_rombel_id": "633afd95-573f-4605-b078-d5983573be2b",
      "rombongan_belajar_id": "6b5ed33c-af73-4a5b-9269-cac3e0ecb8a4",
      "tingkat_pendidikan_id": "9",
      "semester_id": "20182",
      "nama_rombel": "IX",
      "kurikulum_id": 8,
      "kurikulum_id_str": "Kurikulum SMP 2013"
    },
    {
      "registrasi_id": "5646d85f-b14b-4b0a-bfa8-eaa15e4cd636",
      "jenis_pendaftaran_id": "2",
      "jenis_pendaftaran_id_string": "Pindahan",
      "nipd": "171808024",
      "tanggal_masuk_sekolah": "2018-09-27",
      "peserta_didik_id": "40d3f318-ed23-e211-b3eb-d56d79e9cd33",
      "nama": "Fabian Haykal Bihar Ilmi",
      "nisn": "0037352648",
      "jenis_kelamin": "L",
      "nik": "1050192612035001",
      "tempat_lahir": "Karawang",
      "tanggal_lahir": "2003-12-26",
      "agama_id": 1,
      "agama_id_string": "Islam",
      "anggota_rombel_id": "4f78d96e-012d-4ef7-b5a0-e4139f185701",
      "rombongan_belajar_id": "6b5ed33c-af73-4a5b-9269-cac3e0ecb8a4",
      "tingkat_pendidikan_id": "9",
      "semester_id": "20182",
      "nama_rombel": "IX",
      "kurikulum_id": 8,
      "kurikulum_id_str": "Kurikulum SMP 2013"
    },
    {
      "registrasi_id": "413998fc-e597-4ccf-ae9c-f885c90dc293",
      "jenis_pendaftaran_id": "2",
      "jenis_pendaftaran_id_string": "Pindahan",
      "nipd": "171808023",
      "tanggal_masuk_sekolah": "2018-09-27",
      "peserta_didik_id": "4483acd8-4b23-e211-bcd5-3f43832a41f7",
      "nama": "Farrel Azhar Nurhidayat",
      "nisn": "0049759855",
      "jenis_kelamin": "L",
      "nik": "3205021306040005",
      "tempat_lahir": "GARUT",
      "tanggal_lahir": "2004-06-13",
      "agama_id": 1,
      "agama_id_string": "Islam",
      "anggota_rombel_id": "b6c9d1a7-76a6-4623-9955-b8e5c68112ab",
      "rombongan_belajar_id": "6b5ed33c-af73-4a5b-9269-cac3e0ecb8a4",
      "tingkat_pendidikan_id": "9",
      "semester_id": "20182",
      "nama_rombel": "IX",
      "kurikulum_id": 8,
      "kurikulum_id_str": "Kurikulum SMP 2013"
    },
    {
      "registrasi_id": "f369788f-5793-4b60-a2ab-be9d0ac8fd8b",
      "jenis_pendaftaran_id": "1",
      "jenis_pendaftaran_id_string": "Siswa baru",
      "nipd": null,
      "tanggal_masuk_sekolah": "2018-07-01",
      "peserta_didik_id": "8dee7762-75db-11e3-a474-a34da1f293e4",
      "nama": "Muhammad Fadli Fairuza",
      "nisn": "0065352664",
      "jenis_kelamin": "L",
      "nik": "3205051704060005",
      "tempat_lahir": "GARUT",
      "tanggal_lahir": "2006-04-17",
      "agama_id": 1,
      "agama_id_string": "Islam",
      "anggota_rombel_id": "ce6043ec-b103-4bd8-b8e2-ca86ff5a9e42",
      "rombongan_belajar_id": "652be6dd-f0e2-43c8-88ab-9d4c18f7a89e",
      "tingkat_pendidikan_id": "7",
      "semester_id": "20182",
      "nama_rombel": "VII B",
      "kurikulum_id": 8,
      "kurikulum_id_str": "Kurikulum SMP 2013"
    },
    {
      "registrasi_id": "c7a0ff9a-725d-4e24-b6df-eb07c4d7e446",
      "jenis_pendaftaran_id": "1",
      "jenis_pendaftaran_id_string": "Siswa baru",
      "nipd": null,
      "tanggal_masuk_sekolah": "2018-07-01",
      "peserta_didik_id": "a802f018-ed23-e211-b371-d56d79e9cd33",
      "nama": "Vanya Maula Zalfadhyla",
      "nisn": "0052946460",
      "jenis_kelamin": "P",
      "nik": "3273265906050001",
      "tempat_lahir": "BANDUNG",
      "tanggal_lahir": "2005-06-19",
      "agama_id": 1,
      "agama_id_string": "Islam",
      "anggota_rombel_id": "bc429ed6-a7a6-4cf5-a008-bcfd34c5156d",
      "rombongan_belajar_id": "652be6dd-f0e2-43c8-88ab-9d4c18f7a89e",
      "tingkat_pendidikan_id": "7",
      "semester_id": "20182",
      "nama_rombel": "VII B",
      "kurikulum_id": 8,
      "kurikulum_id_str": "Kurikulum SMP 2013"
    },
    {
      "registrasi_id": "db387dde-9217-4e1c-a08c-66c899dc1abf",
      "jenis_pendaftaran_id": "1",
      "jenis_pendaftaran_id_string": "Siswa baru",
      "nipd": null,
      "tanggal_masuk_sekolah": "2018-07-01",
      "peserta_didik_id": "988fc663-51f9-e111-ac32-ffba118c834a",
      "nama": "Resa Agustina",
      "nisn": "0063304482",
      "jenis_kelamin": "P",
      "nik": "3205215308060001",
      "tempat_lahir": "Garut",
      "tanggal_lahir": "2006-08-13",
      "agama_id": 1,
      "agama_id_string": "Islam",
      "anggota_rombel_id": "84f035b4-1de4-4723-8fa9-e7480f5fafa4",
      "rombongan_belajar_id": "652be6dd-f0e2-43c8-88ab-9d4c18f7a89e",
      "tingkat_pendidikan_id": "7",
      "semester_id": "20182",
      "nama_rombel": "VII B",
      "kurikulum_id": 8,
      "kurikulum_id_str": "Kurikulum SMP 2013"
    },
    {
      "registrasi_id": "b669f7b5-6da9-4d07-b59a-437af3ecf79b",
      "jenis_pendaftaran_id": "1",
      "jenis_pendaftaran_id_string": "Siswa baru",
      "nipd": null,
      "tanggal_masuk_sekolah": "2018-07-01",
      "peserta_didik_id": "17f288a2-d2f8-e111-9fe3-dde677a6bd7e",
      "nama": "Rafli Ikhwanus Sidik",
      "nisn": "0056119430",
      "jenis_kelamin": "L",
      "nik": "3205410703050002",
      "tempat_lahir": "Garut",
      "tanggal_lahir": "2005-03-07",
      "agama_id": 1,
      "agama_id_string": "Islam",
      "anggota_rombel_id": "442a60c6-c02b-4de5-91c3-08abab978cc3",
      "rombongan_belajar_id": "652be6dd-f0e2-43c8-88ab-9d4c18f7a89e",
      "tingkat_pendidikan_id": "7",
      "semester_id": "20182",
      "nama_rombel": "VII B",
      "kurikulum_id": 8,
      "kurikulum_id_str": "Kurikulum SMP 2013"
    },
    {
      "registrasi_id": "515a12f5-2724-4d45-a9eb-f0b38abd7237",
      "jenis_pendaftaran_id": "1",
      "jenis_pendaftaran_id_string": "Siswa baru",
      "nipd": null,
      "tanggal_masuk_sekolah": "2018-07-01",
      "peserta_didik_id": "a6331a81-2906-e211-9dc7-9da459516385",
      "nama": "Aulia Khoiru Nisa",
      "nisn": "0061540185",
      "jenis_kelamin": "P",
      "nik": "3204096003060003",
      "tempat_lahir": "BANDUNG",
      "tanggal_lahir": "2006-03-20",
      "agama_id": 1,
      "agama_id_string": "Islam",
      "anggota_rombel_id": "ce5cd3f0-cc79-40c3-a7b1-36a01abab071",
      "rombongan_belajar_id": "72121415-244a-4c25-892c-2e3e7a84fc44",
      "tingkat_pendidikan_id": "7",
      "semester_id": "20182",
      "nama_rombel": "VII A",
      "kurikulum_id": 8,
      "kurikulum_id_str": "Kurikulum SMP 2013"
    },
    {
      "registrasi_id": "866d99ce-4508-4913-9fa8-676635148bff",
      "jenis_pendaftaran_id": "1",
      "jenis_pendaftaran_id_string": "Siswa baru",
      "nipd": null,
      "tanggal_masuk_sekolah": "2018-07-01",
      "peserta_didik_id": "6545514f-1c1e-e211-9849-ef959d517232",
      "nama": "Annisa Malika Utami",
      "nisn": "0076784572",
      "jenis_kelamin": "P",
      "nik": "3211116207070004",
      "tempat_lahir": "Sumedang",
      "tanggal_lahir": "2007-07-22",
      "agama_id": 1,
      "agama_id_string": "Islam",
      "anggota_rombel_id": "f331549c-39a4-49d1-8dbf-6bd3961a869e",
      "rombongan_belajar_id": "652be6dd-f0e2-43c8-88ab-9d4c18f7a89e",
      "tingkat_pendidikan_id": "7",
      "semester_id": "20182",
      "nama_rombel": "VII B",
      "kurikulum_id": 8,
      "kurikulum_id_str": "Kurikulum SMP 2013"
    },
    {
      "registrasi_id": "7eca3612-29f5-4815-b1d9-5bfaa0c49bab",
      "jenis_pendaftaran_id": "1",
      "jenis_pendaftaran_id_string": "Siswa baru",
      "nipd": null,
      "tanggal_masuk_sekolah": "2018-07-01",
      "peserta_didik_id": "f025bcf9-51f9-e111-ac32-ffba118c834a",
      "nama": "Yulianti",
      "nisn": "0069150455",
      "jenis_kelamin": "P",
      "nik": "3205216802060001",
      "tempat_lahir": "Garut",
      "tanggal_lahir": "2006-02-28",
      "agama_id": 1,
      "agama_id_string": "Islam",
      "anggota_rombel_id": "285aadc1-847c-475c-ac65-748806a2de37",
      "rombongan_belajar_id": "652be6dd-f0e2-43c8-88ab-9d4c18f7a89e",
      "tingkat_pendidikan_id": "7",
      "semester_id": "20182",
      "nama_rombel": "VII B",
      "kurikulum_id": 8,
      "kurikulum_id_str": "Kurikulum SMP 2013"
    },
    {
      "registrasi_id": "0091417b-ab8c-4ce7-928c-826a7a429770",
      "jenis_pendaftaran_id": "1",
      "jenis_pendaftaran_id_string": "Siswa baru",
      "nipd": null,
      "tanggal_masuk_sekolah": "2018-07-01",
      "peserta_didik_id": "d2982db6-6fb1-11e3-8926-db3ef610d07f",
      "nama": "Sidqi Bimasakti",
      "nisn": "0061698366",
      "jenis_kelamin": "L",
      "nik": "3204080902060002",
      "tempat_lahir": "Bandung",
      "tanggal_lahir": "2006-02-09",
      "agama_id": 1,
      "agama_id_string": "Islam",
      "anggota_rombel_id": "2101ae20-8f79-4161-ac1b-f470341ba852",
      "rombongan_belajar_id": "72121415-244a-4c25-892c-2e3e7a84fc44",
      "tingkat_pendidikan_id": "7",
      "semester_id": "20182",
      "nama_rombel": "VII A",
      "kurikulum_id": 8,
      "kurikulum_id_str": "Kurikulum SMP 2013"
    },
    {
      "registrasi_id": "e9d31cac-1f08-4795-9f11-e22432c0d00e",
      "jenis_pendaftaran_id": "1",
      "jenis_pendaftaran_id_string": "Siswa baru",
      "nipd": "171807013",
      "tanggal_masuk_sekolah": "2017-07-17",
      "peserta_didik_id": "c5b94ca1-a475-4f3e-9f5d-d8482237d3a4",
      "nama": "Fitria Harlina",
      "nisn": "0049589694",
      "jenis_kelamin": "P",
      "nik": "3205215411040001",
      "tempat_lahir": "Garut",
      "tanggal_lahir": "2004-11-14",
      "agama_id": 1,
      "agama_id_string": "Islam",
      "anggota_rombel_id": "802b6358-cde8-4060-93b1-cbdcd27c8fcc",
      "rombongan_belajar_id": "db826fae-2f36-407d-8e3e-96856b125e05",
      "tingkat_pendidikan_id": "8",
      "semester_id": "20182",
      "nama_rombel": "VIII",
      "kurikulum_id": 7,
      "kurikulum_id_str": "Kurikulum SMP KTSP"
    },
    {
      "registrasi_id": "97145444-191d-4197-b857-adeed33e5e32",
      "jenis_pendaftaran_id": "1",
      "jenis_pendaftaran_id_string": "Siswa baru",
      "nipd": "171807025",
      "tanggal_masuk_sekolah": "2017-07-17",
      "peserta_didik_id": "9e4fe21a-51a7-4e92-90b0-42f7189a4c1e",
      "nama": "Roby Fauzi",
      "nisn": "3042706531",
      "jenis_kelamin": "L",
      "nik": "3205213105040001",
      "tempat_lahir": "Garut",
      "tanggal_lahir": "2004-05-31",
      "agama_id": 1,
      "agama_id_string": "Islam",
      "anggota_rombel_id": "72c64051-1e20-49f6-a88d-93985ddc2753",
      "rombongan_belajar_id": "db826fae-2f36-407d-8e3e-96856b125e05",
      "tingkat_pendidikan_id": "8",
      "semester_id": "20182",
      "nama_rombel": "VIII",
      "kurikulum_id": 7,
      "kurikulum_id_str": "Kurikulum SMP KTSP"
    },
    {
      "registrasi_id": "a67e42aa-747e-4c0b-ad7f-1b7e7e75a193",
      "jenis_pendaftaran_id": "1",
      "jenis_pendaftaran_id_string": "Siswa baru",
      "nipd": "171807014",
      "tanggal_masuk_sekolah": "2017-07-17",
      "peserta_didik_id": "13e7b802-b1c9-4f52-bb67-4ad816af252e",
      "nama": "Mulana",
      "nisn": "0056272792",
      "jenis_kelamin": "L",
      "nik": "3205212310050001",
      "tempat_lahir": "Garut",
      "tanggal_lahir": "2005-10-23",
      "agama_id": 1,
      "agama_id_string": "Islam",
      "anggota_rombel_id": "b7f35855-8270-41e4-9c99-7c75a73e6745",
      "rombongan_belajar_id": "db826fae-2f36-407d-8e3e-96856b125e05",
      "tingkat_pendidikan_id": "8",
      "semester_id": "20182",
      "nama_rombel": "VIII",
      "kurikulum_id": 7,
      "kurikulum_id_str": "Kurikulum SMP KTSP"
    },
    {
      "registrasi_id": "7d687051-a009-49de-b17f-c42ebf946e0c",
      "jenis_pendaftaran_id": "1",
      "jenis_pendaftaran_id_string": "Siswa baru",
      "nipd": null,
      "tanggal_masuk_sekolah": "2017-07-17",
      "peserta_didik_id": "109d83e6-9dab-4dd4-82cb-c84990702266",
      "nama": "Rika Sapitri",
      "nisn": "0057242028",
      "jenis_kelamin": "P",
      "nik": "3205214510050005",
      "tempat_lahir": "Garut",
      "tanggal_lahir": "2005-10-05",
      "agama_id": 1,
      "agama_id_string": "Islam",
      "anggota_rombel_id": "32796df6-38a8-4792-8bf2-a0527f5107ba",
      "rombongan_belajar_id": "db826fae-2f36-407d-8e3e-96856b125e05",
      "tingkat_pendidikan_id": "8",
      "semester_id": "20182",
      "nama_rombel": "VIII",
      "kurikulum_id": 7,
      "kurikulum_id_str": "Kurikulum SMP KTSP"
    },
    {
      "registrasi_id": "24c952d2-798c-41e9-aacb-b3e62b158512",
      "jenis_pendaftaran_id": "1",
      "jenis_pendaftaran_id_string": "Siswa baru",
      "nipd": "171807002",
      "tanggal_masuk_sekolah": "2017-07-17",
      "peserta_didik_id": "3c0bc6fe-b4ec-4183-953a-eb822c4c545c",
      "nama": "Agus Sukarno",
      "nisn": "0048522591",
      "jenis_kelamin": "L",
      "nik": "3205211809040001",
      "tempat_lahir": "Garut",
      "tanggal_lahir": "2004-09-18",
      "agama_id": 1,
      "agama_id_string": "Islam",
      "anggota_rombel_id": "e0a90404-c217-48df-a9ff-2c381867152b",
      "rombongan_belajar_id": "db826fae-2f36-407d-8e3e-96856b125e05",
      "tingkat_pendidikan_id": "8",
      "semester_id": "20182",
      "nama_rombel": "VIII",
      "kurikulum_id": 7,
      "kurikulum_id_str": "Kurikulum SMP KTSP"
    },
    {
      "registrasi_id": "a4752e6e-6408-4a4e-ae01-eb286f1c9fc3",
      "jenis_pendaftaran_id": "1",
      "jenis_pendaftaran_id_string": "Siswa baru",
      "nipd": "161707001",
      "tanggal_masuk_sekolah": "2016-11-03",
      "peserta_didik_id": "e8346137-c0f9-e111-8068-af61aebfca80",
      "nama": "Aliyansah",
      "nisn": "0051404180",
      "jenis_kelamin": "L",
      "nik": "3205210206050004",
      "tempat_lahir": "Garut",
      "tanggal_lahir": "2005-06-02",
      "agama_id": 1,
      "agama_id_string": "Islam",
      "anggota_rombel_id": "30a54aa2-5269-4af3-bc2a-e9a2f6c8a13a",
      "rombongan_belajar_id": "6b5ed33c-af73-4a5b-9269-cac3e0ecb8a4",
      "tingkat_pendidikan_id": "9",
      "semester_id": "20182",
      "nama_rombel": "IX",
      "kurikulum_id": 8,
      "kurikulum_id_str": "Kurikulum SMP 2013"
    },
    {
      "registrasi_id": "8fe43d4e-eeaf-4469-b252-df8399edd338",
      "jenis_pendaftaran_id": "1",
      "jenis_pendaftaran_id_string": "Siswa baru",
      "nipd": "161707017",
      "tanggal_masuk_sekolah": "2016-11-03",
      "peserta_didik_id": "6a371304-c4f9-e111-8068-af61aebfca80",
      "nama": "Yulianti",
      "nisn": "0039108484",
      "jenis_kelamin": "P",
      "nik": "3205214810030002",
      "tempat_lahir": "Garut",
      "tanggal_lahir": "2003-10-08",
      "agama_id": 1,
      "agama_id_string": "Islam",
      "anggota_rombel_id": "d3fb5a98-3e7a-4a9d-9088-71d88899c52c",
      "rombongan_belajar_id": "6b5ed33c-af73-4a5b-9269-cac3e0ecb8a4",
      "tingkat_pendidikan_id": "9",
      "semester_id": "20182",
      "nama_rombel": "IX",
      "kurikulum_id": 8,
      "kurikulum_id_str": "Kurikulum SMP 2013"
    },
    {
      "registrasi_id": "e9503c16-e685-40b3-bc66-d57846518488",
      "jenis_pendaftaran_id": "1",
      "jenis_pendaftaran_id_string": "Siswa baru",
      "nipd": "161707005",
      "tanggal_masuk_sekolah": "2016-11-03",
      "peserta_didik_id": "ce5cdc3b-c0f9-e111-8068-af61aebfca80",
      "nama": "Dea Anita",
      "nisn": "0054310479",
      "jenis_kelamin": "P",
      "nik": "3205214408050006",
      "tempat_lahir": "Garut",
      "tanggal_lahir": "2004-08-04",
      "agama_id": 1,
      "agama_id_string": "Islam",
      "anggota_rombel_id": "eeae8fc6-3545-474a-8436-4e712a123c7d",
      "rombongan_belajar_id": "6b5ed33c-af73-4a5b-9269-cac3e0ecb8a4",
      "tingkat_pendidikan_id": "9",
      "semester_id": "20182",
      "nama_rombel": "IX",
      "kurikulum_id": 8,
      "kurikulum_id_str": "Kurikulum SMP 2013"
    },
    {
      "registrasi_id": "f8d19fa1-5e75-4963-8f7e-8033c3d458a9",
      "jenis_pendaftaran_id": "1",
      "jenis_pendaftaran_id_string": "Siswa baru",
      "nipd": "161707007",
      "tanggal_masuk_sekolah": "2016-11-03",
      "peserta_didik_id": "29d93efa-c2f9-e111-8068-af61aebfca80",
      "nama": "Helmina",
      "nisn": "0037527580",
      "jenis_kelamin": "P",
      "nik": "3205214606030004",
      "tempat_lahir": "Garut",
      "tanggal_lahir": "2003-06-06",
      "agama_id": 1,
      "agama_id_string": "Islam",
      "anggota_rombel_id": "374f3569-d265-4db6-ba1e-6025b441b6ce",
      "rombongan_belajar_id": "6b5ed33c-af73-4a5b-9269-cac3e0ecb8a4",
      "tingkat_pendidikan_id": "9",
      "semester_id": "20182",
      "nama_rombel": "IX",
      "kurikulum_id": 8,
      "kurikulum_id_str": "Kurikulum SMP 2013"
    },
    {
      "registrasi_id": "0a58205b-34dc-4610-a523-7f47a4c089ce",
      "jenis_pendaftaran_id": "1",
      "jenis_pendaftaran_id_string": "Siswa baru",
      "nipd": "161707004",
      "tanggal_masuk_sekolah": "2016-11-03",
      "peserta_didik_id": "c6e9863b-c0f9-e111-8068-af61aebfca80",
      "nama": "Cep Lham  Nurhakim",
      "nisn": "0033580514",
      "jenis_kelamin": "L",
      "nik": "3205211404030002",
      "tempat_lahir": "Garut",
      "tanggal_lahir": "2003-04-14",
      "agama_id": 1,
      "agama_id_string": "Islam",
      "anggota_rombel_id": "2e1b3865-c2d6-46af-8963-2e26698d5d05",
      "rombongan_belajar_id": "6b5ed33c-af73-4a5b-9269-cac3e0ecb8a4",
      "tingkat_pendidikan_id": "9",
      "semester_id": "20182",
      "nama_rombel": "IX",
      "kurikulum_id": 8,
      "kurikulum_id_str": "Kurikulum SMP 2013"
    },
    {
      "registrasi_id": "1960f5ad-0118-4e0b-9f05-25b928398d71",
      "jenis_pendaftaran_id": "1",
      "jenis_pendaftaran_id_string": "Siswa baru",
      "nipd": "161707012",
      "tanggal_masuk_sekolah": "2016-11-08",
      "peserta_didik_id": "0fa50062-f244-e211-8ca4-27237994ae67",
      "nama": "Randi Sopiyandi",
      "nisn": "0039728107",
      "jenis_kelamin": "L",
      "nik": "3205211512030001",
      "tempat_lahir": "Garut",
      "tanggal_lahir": "2003-12-15",
      "agama_id": 1,
      "agama_id_string": "Islam",
      "anggota_rombel_id": "e0fdf173-2f13-4c3a-935e-fa18c4bf5956",
      "rombongan_belajar_id": "6b5ed33c-af73-4a5b-9269-cac3e0ecb8a4",
      "tingkat_pendidikan_id": "9",
      "semester_id": "20182",
      "nama_rombel": "IX",
      "kurikulum_id": 8,
      "kurikulum_id_str": "Kurikulum SMP 2013"
    },
    {
      "registrasi_id": "f64a8264-d156-499e-9108-d3b96abd5172",
      "jenis_pendaftaran_id": "2",
      "jenis_pendaftaran_id_string": "Pindahan",
      "nipd": "171808020",
      "tanggal_masuk_sekolah": "2017-11-03",
      "peserta_didik_id": "38a448a6-62ec-4567-910f-a8627e7a3e3c",
      "nama": "Muhamad Emir Faturohman",
      "nisn": "0030143774",
      "jenis_kelamin": "L",
      "nik": "3205041911030007",
      "tempat_lahir": "GARIT",
      "tanggal_lahir": "2003-11-19",
      "agama_id": 1,
      "agama_id_string": "Islam",
      "anggota_rombel_id": "520684fa-646a-4820-b79d-fa6f4af34cfa",
      "rombongan_belajar_id": "6b5ed33c-af73-4a5b-9269-cac3e0ecb8a4",
      "tingkat_pendidikan_id": "9",
      "semester_id": "20182",
      "nama_rombel": "IX",
      "kurikulum_id": 8,
      "kurikulum_id_str": "Kurikulum SMP 2013"
    },
    {
      "registrasi_id": "021d120e-fbc9-4a61-8552-ea4f13141adf",
      "jenis_pendaftaran_id": "1",
      "jenis_pendaftaran_id_string": "Siswa baru",
      "nipd": null,
      "tanggal_masuk_sekolah": "2018-07-01",
      "peserta_didik_id": "138c0888-54a0-4351-95d2-6d25aa208217",
      "nama": "Luzia Fakiha",
      "nisn": "0058874985",
      "jenis_kelamin": "L",
      "nik": "3205171608040003",
      "tempat_lahir": "Garut",
      "tanggal_lahir": "2004-08-16",
      "agama_id": 1,
      "agama_id_string": "Islam",
      "anggota_rombel_id": "0fed1363-cc83-48c9-9d83-7d3ba7f35e06",
      "rombongan_belajar_id": "652be6dd-f0e2-43c8-88ab-9d4c18f7a89e",
      "tingkat_pendidikan_id": "7",
      "semester_id": "20182",
      "nama_rombel": "VII B",
      "kurikulum_id": 8,
      "kurikulum_id_str": "Kurikulum SMP 2013"
    },
    {
      "registrasi_id": "a1f0b242-b15b-4f59-a7ea-b66d6297665d",
      "jenis_pendaftaran_id": "1",
      "jenis_pendaftaran_id_string": "Siswa baru",
      "nipd": null,
      "tanggal_masuk_sekolah": "2018-07-01",
      "peserta_didik_id": "7839f2dd-222a-e211-ba2f-912b47b68b53",
      "nama": "Gusti Mujiba Ahsana",
      "nisn": "0061584891",
      "jenis_kelamin": "P",
      "nik": "3205065508060005",
      "tempat_lahir": "Garut",
      "tanggal_lahir": "2006-08-13",
      "agama_id": 1,
      "agama_id_string": "Islam",
      "anggota_rombel_id": "b18e50d7-aa73-4100-8bbd-3176550953a6",
      "rombongan_belajar_id": "72121415-244a-4c25-892c-2e3e7a84fc44",
      "tingkat_pendidikan_id": "7",
      "semester_id": "20182",
      "nama_rombel": "VII A",
      "kurikulum_id": 8,
      "kurikulum_id_str": "Kurikulum SMP 2013"
    }
  ]
}